barcode,x,y,radius
AAACAAGTATCTCCCA-1,5762,4069,28.477164507999998
AAACCGGGTAGGTACC-1,972,3148,28.477164507999998
AAACCGTTCGTCCAGG-1,1874,4279,28.477164507999998
AAACCTCATGAAGTTG-1,391,2583,28.477164507999998
AAACGAGACGGTTGAT-1,4278,2373,28.477164507999998
AAACTGCTGGCTCCAA-1,3497,3497,28.477164507999998
AAAGGCTCTCGCGCCG-1,2715,4621,28.477164507999998
AAAGGGATGTAGCAAG-1,3182,1128,28.477164507999998
AAAGTCGACCCTCAGT-1,132,2582,28.477164507999998
AAAGTGTGATTTATCT-1,5246,3391,28.477164507999998
AAATACCTATAAGCAT-1,3625,3723,28.477164507999998
AAATAGCTTAGACTTT-1,6027,2492,28.477164507999998
AAATAGGGTGCTATTG-1,4270,4401,28.477164507999998
AAATCGTGTACCACAA-1,2785,3381,28.477164507999998
AAATCTAGCCCTGCTA-1,5695,4407,28.477164507999998
AAATGGTCAATGTGCC-1,2466,2140,28.477164507999998
AAATTAACGGGTAGCT-1,2919,2254,28.477164507999998
AACAACTGGTAGTTGC-1,1885,1574,28.477164507999998
AACAATTACTCTACGC-1,783,1682,28.477164507999998
AACAGGATGGGCCGCG-1,1172,1684,28.477164507999998
AACCAAGACTTCTCTG-1,715,2471,28.477164507999998
AACCCTACTGTCAATA-1,5377,2940,28.477164507999998
AACCGAGCTTGGTCAT-1,3700,1130,28.477164507999998
AACCGCTAAGGGATGC-1,5116,3616,28.477164507999998
AACCTCGCTTTAGCCC-1,4461,5416,28.477164507999998
AACCTTTAAATACGGT-1,3557,4511,28.477164507999998
AACGATAATGCCGTAG-1,3882,4400,28.477164507999998
AACGCTGTTGCTGAAA-1,5242,4518,28.477164507999998
AACGGCCATCTCCGGT-1,1682,3715,28.477164507999998
AACGTACTGTGGGTAC-1,1876,3828,28.477164507999998
AACGTCAGACTAGTGG-1,1757,1123,28.477164507999998
AACGTGCGAAAGTCTC-1,3954,2484,28.477164507999998
AACTAGGCTTGGGTGT-1,3104,4622,28.477164507999998
AACTCAAGTTAATTGC-1,2010,2702,28.477164507999998
AACTCTCAATAGAGCG-1,5185,2376,28.477164507999998
AACTCTCAGTGTGCTC-1,1809,4392,28.477164507999998
AACTGATATTAGGCCT-1,3445,228,28.477164507999998
AACTTGCCCGTATGCA-1,913,1683,28.477164507999998
AAGACTGCAAGCTACT-1,3566,2482,28.477164507999998
AAGAGATGAATCGGTA-1,914,1458,28.477164507999998
AAGAGCTCTTTATCGG-1,4149,2372,28.477164507999998
AAGAGGATGTACGCGA-1,1038,2811,28.477164507999998
AAGAGGCATGGATCGC-1,4343,2486,28.477164507999998
AAGATTGGCGGAACGT-1,4995,1361,28.477164507999998
AAGCACCCTGCGTATC-1,3879,5076,28.477164507999998
AAGCATACTCTCCTGA-1,3623,4399,28.477164507999998
AAGCCGAAGCGGTTTA-1,6086,3958,28.477164507999998
AAGCTAGATCGAGTAA-1,3559,4060,28.477164507999998
AAGCTCGTGCCAAGTC-1,3890,2371,28.477164507999998
AAGCTCTTTCATGGTG-1,4398,4853,28.477164507999998
AAGGAGCGGTTGGTGC-1,2274,1576,28.477164507999998
AAGGATCGATCGCTTG-1,6220,2831,28.477164507999998
AAGGATGAGGGACCTC-1,4800,1473,28.477164507999998
AAGGCGCGTAAAGCTT-1,1628,1122,28.477164507999998
AAGGTGATAAACCAGC-1,5117,3390,28.477164507999998
AAGTAGAAGACCGGGT-1,2213,561,28.477164507999998
AAGTAGTGACGCGAGG-1,1170,2135,28.477164507999998
AAGTGACGACCGAATT-1,778,3035,28.477164507999998
AAGTGTTTGGAGACGG-1,4336,4289,28.477164507999998
AAGTTCACTCCAAGCT-1,4657,4854,28.477164507999998
AATAACAACGCTCGGC-1,1104,2473,28.477164507999998
AATAACACTAGAACAA-1,1615,4278,28.477164507999998
AATAGAACAGAGTGGC-1,2133,4280,28.477164507999998
AATAGAATCTGTTTCA-1,4726,3840,28.477164507999998
AATAGTCCGTCCCGAC-1,2844,4847,28.477164507999998
AATATTGGAGTATTGA-1,586,2471,28.477164507999998
AATCATGTAAAGACTC-1,5501,4519,28.477164507999998
AATCGCCTCAGCGCCA-1,4277,2823,28.477164507999998
AATCTGCGTTGGGACG-1,5122,2038,28.477164507999998
AATGACAGCAATGTCT-1,1099,3825,28.477164507999998
AATGACGTAGGATGTC-1,4210,3387,28.477164507999998
AATGACTGTCAGCCGG-1,2211,1012,28.477164507999998
AATGCAACCGGGTACC-1,2987,1240,28.477164507999998
AATTAAAGGTCGGCGT-1,2398,2929,28.477164507999998
AATTAACGGATTTCCA-1,3426,4962,28.477164507999998
AATTAGCGCTGCAGCG-1,3235,4172,28.477164507999998
AATTCTAGAGTTAGGC-1,3236,3946,28.477164507999998
AATTGAACGCTCTGGT-1,4533,3501,28.477164507999998
ACAAATCGCACCGAAT-1,4466,4064,28.477164507999998
ACAAATGGTAGTGTTT-1,4598,3388,28.477164507999998
ACAACAGCATGAGCTA-1,3826,2033,28.477164507999998
ACAAGCAGTGCCTAGC-1,848,1795,28.477164507999998
ACAAGGAAATCCGCCC-1,4013,3949,28.477164507999998
ACAAGGATGCTTTAGG-1,4785,5305,28.477164507999998
ACAAGGGCAGGCTCTG-1,4080,3386,28.477164507999998
ACAATAGTCGTACGTT-1,454,3146,28.477164507999998
ACAATCCATTTAAACC-1,1234,2473,28.477164507999998
ACAATTTGAGCAGTGG-1,4476,1584,28.477164507999998
ACACAAAGACGGGTGG-1,2794,1127,28.477164507999998
ACACACCAGGACCAGT-1,4987,3390,28.477164507999998
ACACCCAGCATGCAGC-1,2405,1125,28.477164507999998
ACACCCGAGAAATCCG-1,1695,559,28.477164507999998
ACACCTTAAGTAGGGC-1,1951,1236,28.477164507999998
ACACGAGACTCCTTCT-1,3762,1920,28.477164507999998
ACACGGGAACTTAGGG-1,3764,1469,28.477164507999998
ACACTGATCAAGGTGT-1,2263,4281,28.477164507999998
ACAGGCTTGCCCGACT-1,4789,4403,28.477164507999998
ACAGGTGGAGGTGAGG-1,1680,4166,28.477164507999998
ACATAATAAGGCGGTG-1,3248,791,28.477164507999998
ACATCCCGGCCATACG-1,2844,4621,28.477164507999998
ACATCCTGGTAACTGT-1,5765,3167,28.477164507999998
ACATCGATCGTTTACC-1,3174,3157,28.477164507999998
ACATCGGTCAGCCGCG-1,1555,3038,28.477164507999998
ACATCGTATGCAATGG-1,4404,3500,28.477164507999998
ACATGGCGCCAAAGTA-1,5896,2943,28.477164507999998
ACATTAGTTTATATCC-1,3105,4171,28.477164507999998
ACCAACGCTTATTTAT-1,2327,4394,28.477164507999998
ACCAATATGCAAGTTA-1,4204,4739,28.477164507999998
ACCACAAGTTTCTATC-1,2661,1803,28.477164507999998
ACCACCAATGTAACAA-1,6090,3056,28.477164507999998
ACCACGTGCAGCTATA-1,4078,3837,28.477164507999998
ACCAGTGCGGGAGACG-1,5244,3842,28.477164507999998
ACCATATCCGCAATAA-1,2787,2705,28.477164507999998
ACCATCGTATATGGTA-1,1879,3152,28.477164507999998
ACCCAACGCCCGTGGC-1,4734,1811,28.477164507999998
ACCCATCTTGAGGGTA-1,1557,2587,28.477164507999998
ACCCGGAAACTCCCAG-1,3362,4849,28.477164507999998
ACCCGGATGACGCATC-1,5637,2716,28.477164507999998
ACCCGGTTACACTTCC-1,2267,3154,28.477164507999998
ACCCGTGTCATCAGTA-1,2649,4958,28.477164507999998
ACCCTCCCTTGCTATT-1,4597,3839,28.477164507999998
ACCGACACATCTCCCA-1,3490,5300,28.477164507999998
ACCGACTGAGTCCCAC-1,3440,1580,28.477164507999998
ACCGATGGTAGCATCG-1,5120,2489,28.477164507999998
ACCGCAATAACTGCCT-1,4271,4176,28.477164507999998
ACCGCGGTGGAAGTCG-1,6023,3394,28.477164507999998
ACCGGGCCTTTGTTGA-1,5504,3617,28.477164507999998
ACCTAAGTACCTTTCA-1,1098,4051,28.477164507999998
ACGAAATGGGCGGCAC-1,717,2020,28.477164507999998
ACGATCATACATAGAG-1,3247,1241,28.477164507999998
ACGATCATCTTGTAAA-1,5768,2491,28.477164507999998
ACGATGCATATGTTAT-1,1946,2589,28.477164507999998
ACGCATTCGTGAGTAC-1,3113,2143,28.477164507999998
ACGCCGCTAGACGACC-1,3757,3272,28.477164507999998
ACGCGAAGTCAGACGA-1,2977,3945,28.477164507999998
ACGCGCTACACAGGGT-1,1167,3036,28.477164507999998
ACGCGGGCCAAGGACA-1,3178,2255,28.477164507999998
ACGGACTCTCAAAGCG-1,4008,5302,28.477164507999998
ACGGATGGTGCGGATA-1,4269,4852,28.477164507999998
ACGGCACTTGCTTGGG-1,3040,4284,28.477164507999998
ACGGCCAACATGGACT-1,2716,4395,28.477164507999998
ACGGCGACGATGGGAA-1,4143,3950,28.477164507999998
ACGGGAGTGTCGGCCC-1,775,3711,28.477164507999998
ACGTAGATTGCTGATG-1,3502,2144,28.477164507999998
ACGTATTACTCCGATC-1,5442,3053,28.477164507999998
ACGTTAATGTCGAAGA-1,3628,3046,28.477164507999998
ACGTTAGATTTGCCCG-1,1686,2813,28.477164507999998
ACTACCAGCTCTCTGG-1,1822,1236,28.477164507999998
ACTACGCGTTAGAATT-1,2777,5184,28.477164507999998
ACTATCCAGGGCATGG-1,6156,2718,28.477164507999998
ACTCAAGTGCAAGGCT-1,4721,5192,28.477164507999998
ACTCAATAAAGGCACG-1,3635,1243,28.477164507999998
ACTCCCGAATTCGTTT-1,5899,2041,28.477164507999998
ACTCCCTAATGCTAAA-1,3621,4850,28.477164507999998
ACTCCCTAGAATAGTA-1,3690,3835,28.477164507999998
ACTCGTCAGTAATCCC-1,4213,2485,28.477164507999998
ACTCTCTGACTTAGGT-1,4211,3161,28.477164507999998
ACTCTTGTATAGTAAC-1,3695,2483,28.477164507999998
ACTGAAACGCCGTTAG-1,5175,4856,28.477164507999998
ACTGAATGGCGAAAGT-1,4532,3726,28.477164507999998
ACTGCCGTCGTAACTC-1,3704,229,28.477164507999998
ACTGTACGATACACAT-1,4216,1809,28.477164507999998
ACTGTAGCACTTTGGA-1,1691,1461,28.477164507999998
ACTGTCCAGGATTATA-1,2725,2141,28.477164507999998
ACTGTCTTCTTTAGAA-1,3309,1805,28.477164507999998
ACTTACGCATCCACGC-1,4203,4965,28.477164507999998
ACTTATACTTACCCGG-1,4991,2488,28.477164507999998
ACTTATTAGGATCGGT-1,2528,2704,28.477164507999998
ACTTATTTATGTGCCA-1,4986,3615,28.477164507999998
ACTTCAGGCTGATCCC-1,4401,4176,28.477164507999998
ACTTCCATGCGGGACA-1,4656,5305,28.477164507999998
ACTTCGCCATACGCAC-1,4023,1470,28.477164507999998
ACTTGACTCCCTCTTT-1,3822,3160,28.477164507999998
ACTTGGGACCCGGTGG-1,2338,1689,28.477164507999998
ACTTTACCCTCATGAA-1,6029,2041,28.477164507999998
ACTTTCCTATAGCTTC-1,3180,1579,28.477164507999998
AGAACGTGGTACATTC-1,3893,1469,28.477164507999998
AGAAGGTTGCCGAATT-1,2008,3153,28.477164507999998
AGAAGGTTGTAGGTCG-1,4201,5641,28.477164507999998
AGAAGTGATTCGTGAT-1,969,3825,28.477164507999998
AGAATTATGGATTCGA-1,5511,2039,28.477164507999998
AGACCCACCGCTGATC-1,3365,3947,28.477164507999998
AGACCCGCCCTCCTCG-1,2793,1352,28.477164507999998
AGACCGGGAAACCCTG-1,260,3033,28.477164507999998
AGACTAGCCTTCCAGA-1,2144,1575,28.477164507999998
AGAGAACCGTCTAGGA-1,4865,1361,28.477164507999998
AGAGATCTCTAAAGCG-1,325,2920,28.477164507999998
AGAGCGTACAAGCTCG-1,980,1120,28.477164507999998
AGAGGCTTCGGAAACC-1,5696,4182,28.477164507999998
AGAGTAAACTTCACTA-1,6022,3845,28.477164507999998
AGATAACTTCAGGGCC-1,2013,2025,28.477164507999998
AGATACCGGTGTTCAC-1,1620,2926,28.477164507999998
AGATACTCAAGATCGA-1,4468,3613,28.477164507999998
AGATCTCAGGTGTGAT-1,4022,1695,28.477164507999998
AGATGACTCGCCCACG-1,2730,788,28.477164507999998
AGATTATAGGACGTTT-1,2659,2479,28.477164507999998
AGCAAAGGCCGCTAGT-1,3814,5188,28.477164507999998
AGCAACATATCTTATT-1,5183,3052,28.477164507999998
AGCACCAGTACTCACG-1,3375,1467,28.477164507999998
AGCACTACCGGCCTGT-1,457,2245,28.477164507999998
AGCACTTAAGGACGCC-1,1430,1910,28.477164507999998
AGCAGAAGGAGAAAGA-1,3553,5638,28.477164507999998
AGCAGCCAGATGAATA-1,2909,4734,28.477164507999998
AGCATCGTCGATAATT-1,2535,900,28.477164507999998
AGCCCATACATGTAAG-1,842,3148,28.477164507999998
AGCGACAGGAACGGTC-1,1551,4165,28.477164507999998
AGCGACATCCCATTCA-1,2991,339,28.477164507999998
AGCGACCAACGATATT-1,2728,1239,28.477164507999998
AGCGCATAATGAATCG-1,2714,4846,28.477164507999998
AGCGGACACTTCGTAG-1,3165,5411,28.477164507999998
AGCGTGGTATTCTACT-1,3756,3498,28.477164507999998
AGCTCCTTCGCACATC-1,4724,4290,28.477164507999998
AGCTCTAGACGTTCCA-1,4083,2710,28.477164507999998
AGCTCTTCCCAGTGCA-1,4869,459,28.477164507999998
AGCTCTTCGTAACCTT-1,6090,2831,28.477164507999998
AGCTCTTTACTCAGTT-1,2073,3040,28.477164507999998
AGGAAGCTGTCCGCCG-1,3360,5299,28.477164507999998
AGGACAGTCGAATCCC-1,4664,3276,28.477164507999998
AGGACGACCCATTAGA-1,2073,3266,28.477164507999998
AGGAGGCCTTCGCGCG-1,5502,4294,28.477164507999998
AGGATAAAGTCGGGAT-1,3364,4398,28.477164507999998
AGGATTGCTTACGACA-1,6937,1820,28.477164507999998
AGGCAGATGCGTAAAC-1,4736,1360,28.477164507999998
AGGCCCTAGAACGCCA-1,776,3486,28.477164507999998
AGGCTATGGTTAGCTT-1,1109,1346,28.477164507999998
AGGCTTCCCGAAGAAG-1,1875,4054,28.477164507999998
AGGGACTCTACGCGAC-1,2585,4620,28.477164507999998
AGGGCGTGATCGGCTA-1,2084,335,28.477164507999998
AGGGCTGCAGTTACAG-1,3372,2369,28.477164507999998
AGGGTCGATGCGAACT-1,5444,2603,28.477164507999998
AGGGTGCTCTCGAGGG-1,5121,2263,28.477164507999998
AGGGTTCCCTTTGGTT-1,4864,1811,28.477164507999998
AGGGTTTAGTTCGGGA-1,3243,2143,28.477164507999998
AGGTAGGTACAAAGCT-1,1169,2360,28.477164507999998
AGGTGTATCGCCATGA-1,262,2582,28.477164507999998
AGGTTTCACACACCTT-1,3499,3046,28.477164507999998
AGTACTCTTATGCCCA-1,4852,4742,28.477164507999998
AGTATAATACTAGGCA-1,1303,1234,28.477164507999998
AGTATTTGGCACGACC-1,2519,4958,28.477164507999998
AGTCAACACCACCATC-1,2203,3041,28.477164507999998
AGTCAAGATGACACTT-1,4985,3841,28.477164507999998
AGTCACTAGCTCTCGA-1,5565,4632,28.477164507999998
AGTCGACGGTCTCAAG-1,4990,2714,28.477164507999998
AGTCGGCCCAAACGAC-1,1692,1235,28.477164507999998
AGTCGTGGGCATTACG-1,1033,4163,28.477164507999998
AGTCTTCTCCTCAAAT-1,3441,1129,28.477164507999998
AGTGACCTACTTTACG-1,2526,3380,28.477164507999998
AGTGAGACTTCCAGTA-1,4797,2375,28.477164507999998
AGTGAGCCTCGCCGCC-1,5836,1703,28.477164507999998
AGTGATAACCTGCGCG-1,4916,5080,28.477164507999998
AGTGATATGAGTAGTT-1,2331,3492,28.477164507999998
AGTGATTCAAGCAGGA-1,4798,2149,28.477164507999998
AGTGCGTAGCTCGTAA-1,1877,3603,28.477164507999998
AGTGCTTGCACGAATA-1,4924,3051,28.477164507999998
AGTGGCGTCTGAAGGT-1,4720,5418,28.477164507999998
AGTTAAACACTTGCGA-1,2009,2927,28.477164507999998
AGTTCCTATTTATGTT-1,3368,3271,28.477164507999998
AGTTTGCACCTGCCTC-1,3944,4964,28.477164507999998
AGTTTGGCACGGGTTG-1,5763,3844,28.477164507999998
ATAAACGGACCCGTAA-1,3107,3720,28.477164507999998
ATAAAGGCTCGGTCGT-1,2400,2252,28.477164507999998
ATAAATATTAGCAGCT-1,974,2698,28.477164507999998
ATAACGCCGGAGGGTC-1,4408,2373,28.477164507999998
ATAAGGTGGAGAACAT-1,3818,4061,28.477164507999998
ATAAGTAGGGCGACTC-1,6157,2493,28.477164507999998
ATAAGTTACCGCGACG-1,2525,3605,28.477164507999998
ATAATAGCTGTTGAAT-1,3237,3721,28.477164507999998
ATAATCTTGGAGAACC-1,4137,5302,28.477164507999998
ATACAGGCCCTCCAAT-1,3816,4738,28.477164507999998
ATACCACGGGCAACTT-1,1040,2360,28.477164507999998
ATACCTAACCAAGAAA-1,3297,4961,28.477164507999998
ATACGCCGGCGAAACC-1,4211,2936,28.477164507999998
ATACGTACTTAGCCAC-1,4140,4626,28.477164507999998
ATACGTCCACTCCTGT-1,5180,3729,28.477164507999998
ATACGTTATGCACGGA-1,3230,5524,28.477164507999998
ATACTAGCATGACCCT-1,3119,790,28.477164507999998
ATACTGCCTTACACCG-1,4592,4966,28.477164507999998
ATAGACAACGGGACCT-1,5124,1587,28.477164507999998
ATAGACGAAGAGAAAG-1,2077,2138,28.477164507999998
ATAGAGTACTGGGACA-1,2274,1350,28.477164507999998
ATAGAGTTATCAACTT-1,5189,1475,28.477164507999998
ATAGGCGGCTATAGAA-1,1295,3262,28.477164507999998
ATAGGGATATCCTTGA-1,3767,793,28.477164507999998
ATAGGTTGGGCAGATG-1,3310,1580,28.477164507999998
ATAGTGAAGCGTTCTC-1,2851,3043,28.477164507999998
ATAGTTCCACCCACTC-1,5767,2717,28.477164507999998
ATATAAAGCGCTCGTG-1,3556,4962,28.477164507999998
ATATAAATGTAGCTGC-1,3946,4513,28.477164507999998
ATATCAACCTACAGAG-1,5962,2605,28.477164507999998
ATATCTTAGGGCCTTC-1,3113,2368,28.477164507999998
ATATGTCTCCCTAGCC-1,5444,2377,28.477164507999998
ATATTCAGTTAAACCT-1,1748,3377,28.477164507999998
ATATTCCACATAGTGA-1,4142,4175,28.477164507999998
ATATTTAACCCTCAAG-1,2726,1916,28.477164507999998
ATCAAACACTGTTCCA-1,6087,3732,28.477164507999998
ATCAAACGAAGGTTTG-1,1293,3939,28.477164507999998
ATCAATCTGGGCTGCA-1,3373,2144,28.477164507999998
ATCACGTGCTAATTAA-1,1488,3601,28.477164507999998
ATCAGACGGCACGCCG-1,1878,3377,28.477164507999998
ATCAGCCTCATGCTGC-1,4787,4854,28.477164507999998
ATCATCCAATATTTGT-1,2981,2818,28.477164507999998
ATCCAACGCAGTCATA-1,1562,1235,28.477164507999998
ATCCAATGGAGGGTCC-1,907,3261,28.477164507999998
ATCCACATCGACAGAA-1,3813,5414,28.477164507999998
ATCCAGAGCAACAACC-1,2523,4056,28.477164507999998
ATCCAGGATTCGTGAA-1,2139,2928,28.477164507999998
ATCCTACCTAAGCTCT-1,2266,3379,28.477164507999998
ATCCTGAATCGCTGCG-1,844,2697,28.477164507999998
ATCCTGCGTGGAATGG-1,2201,3491,28.477164507999998
ATCGACCCAATACAGA-1,3239,3270,28.477164507999998
ATCGACTCTTTCCGTT-1,3118,1015,28.477164507999998
ATCGCACGCCGGGAGA-1,2858,1240,28.477164507999998
ATCGCTGCGTGCAGCA-1,6357,1028,28.477164507999998
ATCGGAGACAGACGGC-1,4077,4288,28.477164507999998
ATCTAATATCCTACGG-1,3492,4624,28.477164507999998
ATCTCCCTGCAATCTA-1,3834,229,28.477164507999998
ATCTGCACCTCTGCGA-1,5706,1702,28.477164507999998
ATCTGGGCTGTTCTTG-1,3619,5300,28.477164507999998
ATCTGGTTAAGACTGT-1,4088,1357,28.477164507999998
ATCTGTAATTGTACCC-1,2862,113,28.477164507999998
ATCTTGACCTGCAACG-1,2015,1349,28.477164507999998
ATCTTGACTTGTCCAA-1,6159,1816,28.477164507999998
ATGAAGCCAAGGAGCC-1,2147,899,28.477164507999998
ATGACGCCGGCTCTAA-1,2927,226,28.477164507999998
ATGACTATGCGACATT-1,4856,3840,28.477164507999998
ATGAGGAGTGTTAATC-1,1433,1234,28.477164507999998
ATGATGCAATGGTACA-1,2396,3379,28.477164507999998
ATGCACTACCGCATTG-1,2080,1462,28.477164507999998
ATGCATGATCCAGGAT-1,3376,1242,28.477164507999998
ATGCCATTTGCGACCA-1,5052,3277,28.477164507999998
ATGCCGGTCTTGCATA-1,4021,1921,28.477164507999998
ATGCGACAGTCCCATT-1,3760,2371,28.477164507999998
ATGCGAGTCCCACCAC-1,5892,3844,28.477164507999998
ATGCTCTGGCGCGGTA-1,4073,5190,28.477164507999998
ATGGAGCAGGCCGTGA-1,3436,2482,28.477164507999998
ATGGATTGACCAAACG-1,3116,1466,28.477164507999998
ATGGGCCTCGGCCTCT-1,5051,3503,28.477164507999998
ATGGTCGCGTGGTTTC-1,4663,3501,28.477164507999998
ATGTGCATCCGACGCA-1,2859,1014,28.477164507999998
ATGTGGACATCTTGAT-1,3755,3723,28.477164507999998
ATGTTTCGGCCCGGAG-1,7259,2159,28.477164507999998
ATTAAACATGCGGACC-1,2979,3269,28.477164507999998
ATTACGCGCTGGCAGG-1,1102,2924,28.477164507999998
ATTACTAGCCTCTTGC-1,2019,448,28.477164507999998
ATTAGATTGATAGCGG-1,2342,562,28.477164507999998
ATTAGGCGATGCTTTC-1,3759,2596,28.477164507999998
ATTATGCCATAGGGAG-1,2601,788,28.477164507999998
ATTCACTGATGTTGGA-1,3557,4737,28.477164507999998
ATTCAGGACCTATTTC-1,5516,687,28.477164507999998
ATTCAGTAGCAGGGTC-1,784,1457,28.477164507999998
ATTCATATACTGTCCA-1,3043,3607,28.477164507999998
ATTCCTCCGCCAGTGC-1,1693,1010,28.477164507999998
ATTCGACGCCGGGCCT-1,845,2472,28.477164507999998
ATTGATGAGTCCTAAC-1,5575,2152,28.477164507999998
ATTGCGATCAGTAACT-1,5567,4181,28.477164507999998
ATTGTACAACTCGGCT-1,5833,2379,28.477164507999998
ATTTACAGTTTACTGG-1,1625,1798,28.477164507999998
ATTTCATTATTTCGCG-1,4223,5,28.477164507999998
ATTTGTCTTGGGAGCT-1,4600,2937,28.477164507999998
CAAACGAGTATCGCAG-1,2200,3717,28.477164507999998
CAAACGGTCGCACTTT-1,1755,1799,28.477164507999998
CAAATCTCTCACAAGG-1,712,3373,28.477164507999998
CAAATGTCCTTCCGTG-1,2590,3493,28.477164507999998
CAACGACCCGTTTACA-1,2407,674,28.477164507999998
CAACTCCTTGATCCCG-1,2149,448,28.477164507999998
CAACTGCTCATCCGAT-1,2713,5071,28.477164507999998
CAAGAGGGCGGAGTAC-1,3950,3611,28.477164507999998
CAAGATATTATAACGT-1,4922,3502,28.477164507999998
CAAGCAACGTCGGAGT-1,1624,2024,28.477164507999998
CAAGCGGCACATAATT-1,3817,4512,28.477164507999998
CAAGGATCGCATGTTC-1,3564,2933,28.477164507999998
CAAGTGTGGTTGCAAA-1,5248,2940,28.477164507999998
CAATAAACCTTGGCCC-1,3959,1357,28.477164507999998
CAATATTCTTGACCTA-1,1744,4504,28.477164507999998
CAATGAGGTTCGACTA-1,6872,1707,28.477164507999998
CAATGGATCTCTACCA-1,4735,1585,28.477164507999998
CAATTAAGGGTGATGA-1,3374,1693,28.477164507999998
CAATTTCGTATAAGGG-1,3241,2594,28.477164507999998
CACAATGAGCTGCTAT-1,2397,3154,28.477164507999998
CACACAGGGATAGATT-1,915,1232,28.477164507999998
CACACGCGCTGTCTTA-1,4927,2150,28.477164507999998
CACAGCACCCACGGCA-1,2985,1917,28.477164507999998
CACAGCTAGGGAGTGA-1,3054,677,28.477164507999998
CACAGGGCCGTTGTCA-1,3036,5411,28.477164507999998
CACATATTAGCAGGAT-1,3884,3724,28.477164507999998
CACATCTCACCGACGA-1,4010,4851,28.477164507999998
CACATGATTCAGCAAC-1,3306,2707,28.477164507999998
CACCCAAATCTTATGT-1,5963,2379,28.477164507999998
CACCCGGTTTGTGACT-1,1679,4391,28.477164507999998
CACCCTAACAAGATCT-1,4334,4740,28.477164507999998
CACCGCCAGAAGGTTT-1,2987,1466,28.477164507999998
CACCGTTAGGGATCAC-1,1550,4391,28.477164507999998
CACCTTGGCGCCTTTG-1,5830,3280,28.477164507999998
CACGAAAGTTAGTCCC-1,1041,2134,28.477164507999998
CACGCAGCGAGGCTTT-1,1948,1912,28.477164507999998
CACGTCGGCAACCTCT-1,1552,3940,28.477164507999998
CACGTTCGTGCTCTAG-1,4407,2599,28.477164507999998
CACGTTTCGTACACAC-1,5047,4630,28.477164507999998
CACTAAAGTTGCCTAT-1,2465,2365,28.477164507999998
CACTCAAGAGCTATGG-1,2852,2818,28.477164507999998
CACTCGAGCTGAACAA-1,3949,3837,28.477164507999998
CACTGTCCAAGTGAGA-1,1954,560,28.477164507999998
CACTTAATCAGACGGA-1,2271,2252,28.477164507999998
CAGAACTTAGCCCTCT-1,4659,4403,28.477164507999998
CAGACACCGATCGCTG-1,2457,4394,28.477164507999998
CAGACCTGTAAGTGTT-1,5576,1927,28.477164507999998
CAGACGAACCTGATAC-1,2393,4056,28.477164507999998
CAGAGACGGTCACCCA-1,2846,4170,28.477164507999998
CAGAGCATGAGCTTGC-1,3700,1356,28.477164507999998
CAGAGGCGATGCATGA-1,2262,4506,28.477164507999998
CAGATACTAACATAGT-1,2145,1350,28.477164507999998
CAGCAGCCCGTTCCTT-1,4217,1583,28.477164507999998
CAGCAGTCTGTGCTGC-1,3943,5414,28.477164507999998
CAGCGATTCCCTTCAA-1,1939,4392,28.477164507999998
CAGCTCACTGAGACAT-1,2984,2142,28.477164507999998
CAGCTCGACAAGTTAA-1,4994,1586,28.477164507999998
CAGCTTAGTAGGTAGC-1,976,2021,28.477164507999998
CAGGATATATCGTTGT-1,3044,3382,28.477164507999998
CAGGCCGTTTGGGTGT-1,1945,2814,28.477164507999998
CAGGCGCCATGCTAGG-1,3884,3949,28.477164507999998
CAGTAACTATTTATTG-1,5711,575,28.477164507999998
CAGTACATTCTCTAAA-1,5775,688,28.477164507999998
CAGTCTGTATACTGGG-1,3433,3158,28.477164507999998
CAGTTCAAATTGACAC-1,2467,1689,28.477164507999998
CAGTTCCGCGGGTCGA-1,849,1345,28.477164507999998
CATAAGAAGCTTGGCT-1,3815,4963,28.477164507999998
CATAAGCTCTCCGTCT-1,65,3145,28.477164507999998
CATACCCGTACCCAGT-1,1168,2586,28.477164507999998
CATACGGCGTCTGGGC-1,3240,2819,28.477164507999998
CATAGCGTTGCCCACC-1,1873,4505,28.477164507999998
CATAGTAGCATAGTAG-1,2083,560,28.477164507999998
CATAGTCCACAAGAAC-1,1165,3487,28.477164507999998
CATATACTACTGATAA-1,5776,462,28.477164507999998
CATATAGGTACAGTCA-1,2720,3268,28.477164507999998
CATCGGACGGGTTAAT-1,2915,3156,28.477164507999998
CATCTTACACCACCTC-1,5573,2603,28.477164507999998
CATGACTTCGCTGAAT-1,6025,2943,28.477164507999998
CATGAGATGCACTCTC-1,4268,5078,28.477164507999998
CATGCCAACTCGCAAA-1,518,3259,28.477164507999998
CATGCGACCAGTTTAA-1,5513,1363,28.477164507999998
CATGGCAGGAAGATCG-1,2861,338,28.477164507999998
CATGGTAAGTAGCGTT-1,3885,3498,28.477164507999998
CATGGTCTAGATACCG-1,3440,1355,28.477164507999998
CATGTAAGAGACATTT-1,4983,4517,28.477164507999998
CATGTCTCATTTATGG-1,4661,3952,28.477164507999998
CATTACATAGATTGTG-1,6744,1481,28.477164507999998
CATTATGCTTGTTGTG-1,2534,1351,28.477164507999998
CATTTAGCGGACCATG-1,4672,1247,28.477164507999998
CATTTGAGTGGTACGT-1,2264,4055,28.477164507999998
CCAAACAGAACCCTCG-1,2276,899,28.477164507999998
CCAACGATGCACTGAT-1,1560,1911,28.477164507999998
CCAAGAAAGTGGGCGA-1,2522,4282,28.477164507999998
CCAAGACTTCTGCGAA-1,3184,678,28.477164507999998
CCAAGCGTAACTCGTA-1,3761,2145,28.477164507999998
CCAATAGTGCCGTCGA-1,1882,2250,28.477164507999998
CCAATGTCACAGCAAG-1,2334,2590,28.477164507999998
CCAATTACGGGTCGAG-1,5193,573,28.477164507999998
CCAATTGAATGTTAAT-1,2148,673,28.477164507999998
CCACAATGTACGTCTT-1,4670,1698,28.477164507999998
CCACACTGAGATATTA-1,2333,2816,28.477164507999998
CCACAGTACCCATCCT-1,5115,3841,28.477164507999998
CCACCAACTTTACTGT-1,1745,4279,28.477164507999998
CCACCCAAGGAAAGTG-1,4018,2597,28.477164507999998
CCACGGAGCCATAAGA-1,905,3712,28.477164507999998
CCACGTAAATTAGACT-1,7064,2271,28.477164507999998
CCACTGGTGGCTGGTT-1,520,2808,28.477164507999998
CCAGAAAGCAACTCAT-1,1486,4278,28.477164507999998
CCAGATAGTTGAGTGA-1,4606,1585,28.477164507999998
CCAGCCTGGACCAATA-1,3371,2594,28.477164507999998
CCAGCGGGATCACCAG-1,7195,2046,28.477164507999998
CCAGCTCGAACGCATT-1,3359,5525,28.477164507999998
CCAGCTGATGGTACTT-1,521,2583,28.477164507999998
CCAGGGACGTGGCCTC-1,2598,1464,28.477164507999998
CCAGTAGTCTGATCCA-1,5059,1474,28.477164507999998
CCAGTCTTGTCATAGA-1,2972,5072,28.477164507999998
CCATACCTTTACTTGT-1,5771,1815,28.477164507999998
CCATCGCAGTTAAACT-1,3171,4059,28.477164507999998
CCATCTCACCAGTGAA-1,5508,2716,28.477164507999998
CCATGCCCTAGATTTC-1,5500,4744,28.477164507999998
CCATGCCTGTTTAGTA-1,2594,2366,28.477164507999998
CCATGCTCTGCAGGAA-1,1953,785,28.477164507999998
CCATGGCCCTTGTACC-1,588,2020,28.477164507999998
CCATTAGCGATAATCC-1,1883,2025,28.477164507999998
CCATTCCCTGCCCACA-1,1688,2137,28.477164507999998
CCATTTCTACCTATTA-1,3751,4625,28.477164507999998
CCCAAACATGCTGCTC-1,4862,2262,28.477164507999998
CCCAACATACGTCGCG-1,1425,3263,28.477164507999998
CCCAATTTCACAACTT-1,1297,2812,28.477164507999998
CCCAGTTAAGGCGCCG-1,4470,3162,28.477164507999998
CCCGCAGCGCGAACTA-1,3495,3947,28.477164507999998
CCCGCCATGCTCCCGT-1,1824,559,28.477164507999998
CCCGTAAGTCTAGGCC-1,973,2923,28.477164507999998
CCCGTCAGCGTCTGAC-1,2470,1013,28.477164507999998
CCCTCCTCGCTCGTAT-1,6021,4070,28.477164507999998
CCCTGAAATGAGTTGA-1,1689,1911,28.477164507999998
CCCTGCGCTACGCATA-1,716,2246,28.477164507999998
CCCTTTGACAGGTCTT-1,2782,4057,28.477164507999998
CCGAACCTTCCCGGCC-1,3754,3948,28.477164507999998
CCGACAAAGGGAGTGC-1,522,2132,28.477164507999998
CCGATCTCAACCTTAT-1,5703,2604,28.477164507999998
CCGATTCGAGGGACCC-1,455,2696,28.477164507999998
CCGCACAAAGACCAAC-1,4084,2485,28.477164507999998
CCGCACGTGACCTCGG-1,849,1570,28.477164507999998
CCGCATGTGGTACGAT-1,3427,4736,28.477164507999998
CCGCGGAATGCGTCAC-1,2069,4167,28.477164507999998
CCGCGTAGGTAAGGGC-1,589,1794,28.477164507999998
CCGCTATCAGCACCAG-1,3238,3496,28.477164507999998
CCGCTTACCTCACTCT-1,1423,3714,28.477164507999998
CCGGAATGGTTTCAGT-1,1239,1121,28.477164507999998
CCGGAGCGTACTTTCT-1,2778,4959,28.477164507999998
CCGGCGCATATTGGAT-1,2798,0,28.477164507999998
CCGGGCGGTCTCGTCA-1,4086,2034,28.477164507999998
CCGGGCTGCTCCATAC-1,4731,2487,28.477164507999998
CCGGGTTCGAGGTTAC-1,1233,2699,28.477164507999998
CCGTAAGTTGGTCCCA-1,4150,2147,28.477164507999998
CCGTGTTAAATTCCAT-1,1487,3827,28.477164507999998
CCTAAATTAACGGTTC-1,3563,3159,28.477164507999998
CCTAACCCAAACAAGT-1,4920,3953,28.477164507999998
CCTACATTCACAGACG-1,1292,4164,28.477164507999998
CCTACTGCTTACACTT-1,2339,1463,28.477164507999998
CCTAGGCGTAGCGATC-1,4861,2488,28.477164507999998
CCTATACCGTCCTGTC-1,2067,4618,28.477164507999998
CCTATGGGTTACCGTC-1,3633,1694,28.477164507999998
CCTCACCTTAGCATCG-1,5448,1476,28.477164507999998
CCTCCGACAATTCAAG-1,1300,2135,28.477164507999998
CCTCGAAGTGGACGGG-1,3769,116,28.477164507999998
CCTCGCGCTGTGCGAT-1,2973,4847,28.477164507999998
CCTCGGACCGGGATAG-1,4664,3050,28.477164507999998
CCTCTCTCCCATCTAG-1,1494,2249,28.477164507999998
CCTCTGTACTATTCTA-1,3104,4397,28.477164507999998
CCTGAACGATATATTC-1,4666,2600,28.477164507999998
CCTGAATATTTACATA-1,3766,1018,28.477164507999998
CCTGACCACCGATGGT-1,3108,3495,28.477164507999998
CCTGCTATTTGAGAAG-1,2404,1351,28.477164507999998
CCTGGCTAGACCCGCC-1,1949,1687,28.477164507999998
CCTGGTCGAATGTGGG-1,3620,5075,28.477164507999998
CCTGTAAGACATGATA-1,1816,2588,28.477164507999998
CCTGTCACCCGGGCTC-1,3504,1693,28.477164507999998
CCTGTCGCCCGTAAAT-1,3177,2481,28.477164507999998
CCTTCTCAGCGTTCCT-1,129,3258,28.477164507999998
CGAAACGCAATTCATG-1,1296,3037,28.477164507999998
CGAACCCGCATGCGTC-1,2329,3943,28.477164507999998
CGAAGTTGCTCTGTGT-1,1429,2136,28.477164507999998
CGACACGCTCCGACAG-1,5245,3616,28.477164507999998
CGACAGTTCGCGTTAT-1,1881,2476,28.477164507999998
CGACTTTGTATAGCCT-1,6223,2155,28.477164507999998
CGAGACCCTAGAGTGT-1,3109,3270,28.477164507999998
CGAGAGATGTGAACCT-1,3893,1695,28.477164507999998
CGAGCTGGGCTTTAGG-1,3509,341,28.477164507999998
CGAGGATCGGGAACGA-1,6808,1594,28.477164507999998
CGAGGCTAAATATGGC-1,3763,1694,28.477164507999998
CGAGGGACTGCGGTCG-1,4212,2710,28.477164507999998
CGAGTTCTGTCCCACC-1,4671,1472,28.477164507999998
CGAGTTTATCGGACTG-1,5184,2602,28.477164507999998
CGATACCTCGCGGACA-1,2268,2928,28.477164507999998
CGATCCGACCCAGTGC-1,2399,2703,28.477164507999998
CGATTAAATATCTCCT-1,3168,4735,28.477164507999998
CGATTCGCCTGGCTGC-1,3880,4851,28.477164507999998
CGCAAACACGAGTTAC-1,1562,1460,28.477164507999998
CGCAATTACTTTCGGT-1,1304,1008,28.477164507999998
CGCAATTAGGGTAATA-1,2014,1575,28.477164507999998
CGCAATTCTACAATAA-1,979,1345,28.477164507999998
CGCACATGTCCACTAC-1,4795,2825,28.477164507999998
CGCAGGCGATCCAAAC-1,5761,4295,28.477164507999998
CGCATGGTGCGATGCT-1,3434,2933,28.477164507999998
CGCATTAGCTAATAGG-1,2857,1465,28.477164507999998
CGCCAAGAAGCCGAGT-1,261,2807,28.477164507999998
CGCCGCCCATGCCTGT-1,4536,2824,28.477164507999998
CGCCTCCCTCCTCTAT-1,3886,3273,28.477164507999998
CGCCTGGCCTACGTAA-1,908,3035,28.477164507999998
CGCGACCGCGACAGAT-1,4397,5078,28.477164507999998
CGCGCATGTTTGATTG-1,2652,4057,28.477164507999998
CGCGGGAATTAGGCAG-1,4346,1584,28.477164507999998
CGCGGTAAGTCTAGCT-1,6807,1819,28.477164507999998
CGCGTTCATGAAATAC-1,2468,1464,28.477164507999998
CGCTACGGGACATTTA-1,2269,2703,28.477164507999998
CGCTATTCTTAGGCTC-1,3046,2706,28.477164507999998
CGCTCGACATAATGAT-1,2082,786,28.477164507999998
CGCTCTCCGTAGATTA-1,1559,2136,28.477164507999998
CGCTGGTGACTACCCT-1,5503,3843,28.477164507999998
CGCTGTGACGCCGCAC-1,2210,1237,28.477164507999998
CGCTTATTCCCGGTCG-1,1101,3149,28.477164507999998
CGCTTTCTTGCATTCG-1,4669,1923,28.477164507999998
CGGAACGTAAACATAG-1,2071,3716,28.477164507999998
CGGAGCAATTTAATCG-1,3039,4509,28.477164507999998
CGGAGCATGGCGATCC-1,3499,2820,28.477164507999998
CGGATCCTCAAGGACT-1,4332,5191,28.477164507999998
CGGCAAACATCGTGCG-1,3429,4285,28.477164507999998
CGGCAGGGTCGGGTTG-1,5251,2038,28.477164507999998
CGGCCACGCACAAAGT-1,2983,2367,28.477164507999998
CGGGAATATAGTATAC-1,5957,3732,28.477164507999998
CGGGAATTTATGTAAA-1,3367,3496,28.477164507999998
CGGGAGCTTCAGTGTA-1,5050,3954,28.477164507999998
CGGGATCAATGTAAGA-1,2988,1015,28.477164507999998
CGGGCAGCTAAACCGC-1,2790,2029,28.477164507999998
CGGGCCTTCTTTGTAA-1,2721,3043,28.477164507999998
CGGGTGTACCCATTTA-1,4733,2036,28.477164507999998
CGGTACTAGAATCAAA-1,4534,3275,28.477164507999998
CGGTGAAGACTAAAGT-1,651,2358,28.477164507999998
CGGTGCAGATAGAACG-1,1490,3150,28.477164507999998
CGGTGCGCGTTGGTCC-1,1681,3940,28.477164507999998
CGGTTATCCAACAGTG-1,5511,1814,28.477164507999998
CGTATTAAGAGATCTA-1,2660,2028,28.477164507999998
CGTCACGTCCATTGGT-1,2459,3718,28.477164507999998
CGTCGCATGTGAGCCA-1,4136,5753,28.477164507999998
CGTCGGATAGTGTTGA-1,5380,2264,28.477164507999998
CGTCGTCCTTCGCGAA-1,4075,4739,28.477164507999998
CGTGAAGTTAATTCAC-1,2786,2930,28.477164507999998
CGTGCAGACTGGGACA-1,3952,2935,28.477164507999998
CGTGCATTGTCGACGC-1,1168,2811,28.477164507999998
CGTGCCCTCCCGAAGA-1,4145,3274,28.477164507999998
CGTGGCCGAATATCTA-1,5698,3731,28.477164507999998
CGTGTCCCATTCGCGA-1,1755,1574,28.477164507999998
CGTTAATGTCCCGACG-1,4786,5080,28.477164507999998
CGTTGAATACCGCGCT-1,4139,4852,28.477164507999998
CGTTGAGCGACCGTCG-1,3951,3386,28.477164507999998
CGTTGTCGGCAATTGA-1,3423,5638,28.477164507999998
CGTTGTTTCAATTCCC-1,1753,2250,28.477164507999998
CGTTTCACTTCGGGCG-1,5128,460,28.477164507999998
CGTTTCGCTCATTACA-1,2335,2365,28.477164507999998
CTAAAGAATGCCTACT-1,1493,2474,28.477164507999998
CTAAAGGGAAATAGGA-1,3173,3383,28.477164507999998
CTAAATCCTATTCCGG-1,4606,1359,28.477164507999998
CTAACCGCGCGCCCGT-1,1427,2587,28.477164507999998
CTAACGAAACTTGCTG-1,5252,1813,28.477164507999998
CTAACTGGTCCGGTTC-1,1486,4052,28.477164507999998
CTAAGGGAATGATTGG-1,3821,3385,28.477164507999998
CTACCCTAAGGTCATA-1,5058,1925,28.477164507999998
CTACGACTAGCTATAA-1,715,2697,28.477164507999998
CTACGCACGGAGTACC-1,2853,2367,28.477164507999998
CTACTATCTTTCAGAG-1,5188,1700,28.477164507999998
CTACTCTAGGCCCGGC-1,782,1908,28.477164507999998
CTACTGCCACCTGACC-1,3246,1467,28.477164507999998
CTAGATTTACGACGGC-1,3951,3160,28.477164507999998
CTAGCATAGTATAATG-1,3437,2257,28.477164507999998
CTAGGCGCCCTATCAG-1,5049,4179,28.477164507999998
CTAGGTCTGAAGGAAT-1,5897,2492,28.477164507999998
CTAGGTTCGGACGTGA-1,3685,4963,28.477164507999998
CTAGTAGAAAGGGATT-1,4396,5529,28.477164507999998
CTAGTCACGTCTTAAG-1,3630,2595,28.477164507999998
CTAGTGAAGGACAGGA-1,1623,2249,28.477164507999998
CTAGTTACAACCCGGT-1,3493,4398,28.477164507999998
CTAGTTGGGCCCGGTA-1,3570,1355,28.477164507999998
CTATCGGGTCTCAACA-1,3631,2370,28.477164507999998
CTATGTCACTAGCCCA-1,3439,1806,28.477164507999998
CTATTCATGTGTCCCA-1,3170,4284,28.477164507999998
CTATTTGGTTACGGAT-1,4472,2486,28.477164507999998
CTCACATTTACTAAAT-1,3554,5413,28.477164507999998
CTCACTGTGATACTTA-1,4007,5527,28.477164507999998
CTCACTTGGCTGGTAA-1,843,2922,28.477164507999998
CTCATTGCTCTAACAA-1,4203,5190,28.477164507999998
CTCATTTGATGGGCGG-1,3183,903,28.477164507999998
CTCCGCCCACATGAGG-1,1684,3264,28.477164507999998
CTCCGGCCTAATATGC-1,2990,564,28.477164507999998
CTCGAGGTCGAACAGT-1,2986,1691,28.477164507999998
CTCGCACCTATATAGT-1,3571,1130,28.477164507999998
CTCGCCGAATGTAGGG-1,3296,5186,28.477164507999998
CTCGGTACCACTGCTC-1,4405,3049,28.477164507999998
CTCGGTCCGTAGCCTG-1,2408,449,28.477164507999998
CTCTATTTGGCTGCAG-1,3560,3835,28.477164507999998
CTCTCACAATCGATGA-1,3697,2032,28.477164507999998
CTCTGGACGCCTGGTG-1,3179,2030,28.477164507999998
CTCTTCTATTGACTGG-1,5634,3618,28.477164507999998
CTCTTGTCCCGCTTGG-1,2910,4509,28.477164507999998
CTGAATCCGAGACCTC-1,2589,3718,28.477164507999998
CTGACTGCGCAGCTCG-1,5705,1927,28.477164507999998
CTGCACAACTACATAT-1,4077,4062,28.477164507999998
CTGCACTCCAGTACAG-1,3687,4512,28.477164507999998
CTGCCATGCATCACAT-1,3175,2932,28.477164507999998
CTGCGGGTGAAATGTT-1,653,1907,28.477164507999998
CTGCTGAGGCCACGAA-1,1422,3939,28.477164507999998
CTGCTTGGCGATAGCT-1,4011,4400,28.477164507999998
CTGGAAATGGATGCTT-1,2597,1690,28.477164507999998
CTGGAAGACACGGTGG-1,4855,4066,28.477164507999998
CTGGATTTACACTTGA-1,2718,3944,28.477164507999998
CTGGCGACATAAGTCC-1,4416,344,28.477164507999998
CTGGCGCACAGGTCTG-1,4925,2601,28.477164507999998
CTGGCTGGTTGTCAGT-1,2780,4508,28.477164507999998
CTGGGATAAATAATGG-1,4601,2712,28.477164507999998
CTGGGCCTGCTATATC-1,1100,3374,28.477164507999998
CTGGGTAGGCAGTTAA-1,4275,3274,28.477164507999998
CTGGTAACACATAGAA-1,4858,3164,28.477164507999998
CTGGTAACGAGCTCTT-1,5447,1701,28.477164507999998
CTGGTTTCGAGCAAGA-1,4857,3615,28.477164507999998
CTGTACTTCTTAGCAT-1,2463,2816,28.477164507999998
CTGTAGCCATCTCACT-1,2132,4731,28.477164507999998
CTGTGCAGGGTAGGTC-1,3692,3159,28.477164507999998
CTGTGGTCGGGAGATA-1,4917,4629,28.477164507999998
CTGTTACCCAATCTAG-1,2912,3832,28.477164507999998
CTGTTCACTGCCTGTG-1,2794,901,28.477164507999998
CTGTTCATCTCACGGG-1,1369,896,28.477164507999998
CTTACACGGTATTCCA-1,2078,1913,28.477164507999998
CTTAGTAGGCCTACAG-1,5770,2040,28.477164507999998
CTTAGTGTAGTAGCAT-1,4526,5304,28.477164507999998
CTTCAACTCCACTTGG-1,4138,5077,28.477164507999998
CTTCATTGTCAGTGGA-1,3047,2480,28.477164507999998
CTTCCGCTCCGTGAAG-1,2391,4732,28.477164507999998
CTTCGTAGATAGGTGA-1,2074,2815,28.477164507999998
CTTCTATGTTGAAGTA-1,970,3599,28.477164507999998
CTTCTATTAATGCTAG-1,2199,4168,28.477164507999998
CTTGAGTTAGGGTAAT-1,5184,2827,28.477164507999998
CTTGCAACCGCCTCCT-1,777,3260,28.477164507999998
CTTGCCCAGGCTCTAC-1,2719,3493,28.477164507999998
CTTGGCCAAGCTGGGA-1,2842,5297,28.477164507999998
CTTGTACTTGTTGACT-1,2471,787,28.477164507999998
CTTGTCAACATTCGAG-1,3430,4060,28.477164507999998
CTTGTTGCTGAGTCAA-1,4342,2711,28.477164507999998
CTTTAACTTTCAAAGG-1,3507,1017,28.477164507999998
CTTTAATATTGGTCGA-1,3883,4174,28.477164507999998
CTTTACCGAATAGTAG-1,4596,4064,28.477164507999998
CTTTAGGAACACTGTT-1,4794,3051,28.477164507999998
CTTTAGTGCTATTATT-1,3303,3383,28.477164507999998
CTTTCTGTGCGGGCTT-1,3428,4511,28.477164507999998
CTTTGGCGCTTTATAC-1,329,2019,28.477164507999998
CTTTGGCTTTAGTAAA-1,1754,2024,28.477164507999998
GAAACAGATGACCACC-1,5118,2939,28.477164507999998
GAAACCGAATTACCTT-1,2460,3492,28.477164507999998
GAAACTCGTGCGATGC-1,719,1569,28.477164507999998
GAAAGAACAGCGTTAT-1,5832,2604,28.477164507999998
GAAAGCAGTGCACTTT-1,2650,4733,28.477164507999998
GAAAGCCCTTTGGACC-1,522,2358,28.477164507999998
GAAAGTGACTAACTGC-1,1174,1233,28.477164507999998
GAAATATCACCATCAG-1,652,2133,28.477164507999998
GAAATCGCGCGCAACT-1,3574,454,28.477164507999998
GAAATGGCGGTGTTAG-1,2532,1802,28.477164507999998
GAAATTGTCTCTATAA-1,2591,3268,28.477164507999998
GAACACACATCAACCA-1,2406,900,28.477164507999998
GAACAGATTACTAAAT-1,3750,4850,28.477164507999998
GAACCCTCTGTGTTCT-1,3490,5075,28.477164507999998
GAACCTTTAACGATCC-1,4266,5528,28.477164507999998
GAACGTCTCATGGTCG-1,4798,1924,28.477164507999998
GAAGCCACTGATTATG-1,3617,5751,28.477164507999998
GAAGCCTGCACATTCC-1,3101,5298,28.477164507999998
GAAGCGTGAGGAATTT-1,3048,2255,28.477164507999998
GAAGTCAGTTGCACTA-1,2911,4283,28.477164507999998
GAAGTCTCCCTAGCGA-1,5055,2601,28.477164507999998
GAAGTGATTTATCGTG-1,2204,2815,28.477164507999998
GAAGTTTCCACTCAAT-1,2140,2477,28.477164507999998
GAATAGACGCGACCCA-1,5117,3165,28.477164507999998
GAATCGACATGGTCAC-1,1886,1349,28.477164507999998
GAATCTGAACATTCTC-1,3304,3158,28.477164507999998
GAATGCGAATCGGTTC-1,3618,5526,28.477164507999998
GAATGTGGTCCGGATT-1,4404,3275,28.477164507999998
GAATGTTGGGTAATCT-1,3636,1018,28.477164507999998
GAATTATAGTGAAAGG-1,3566,2257,28.477164507999998
GAATTCACCCGGGTGT-1,2719,3719,28.477164507999998
GAATTTCTCGCTGCAG-1,1108,1571,28.477164507999998
GACAACGCAGCTTACG-1,2666,676,28.477164507999998
GACACAAGGGAAGAAA-1,3827,1807,28.477164507999998
GACACTGAGTTCAGTG-1,2137,3378,28.477164507999998
GACAGCCAGACCTGAC-1,4729,3163,28.477164507999998
GACAGGCACACACTAT-1,585,2696,28.477164507999998
GACATCGATTTATAAC-1,2392,4281,28.477164507999998
GACCAGAGCCCTGTAG-1,2207,1914,28.477164507999998
GACCGACTGAAGCGTC-1,587,2245,28.477164507999998
GACCGTGCTGACGGTG-1,2527,2929,28.477164507999998
GACGACGATCCGCGTT-1,3688,4286,28.477164507999998
GACGCCGTAAAGGCTA-1,2651,4508,28.477164507999998
GACGCTTGCTTCTAAA-1,1492,2700,28.477164507999998
GACGGTCAATAGAAGC-1,5641,1814,28.477164507999998
GACGTGTAGGGATTAT-1,1237,1572,28.477164507999998
GACTAAGATCATGCAC-1,2600,1013,28.477164507999998
GACTAAGTAGGCTCAC-1,1950,1462,28.477164507999998
GACTAGGCCGTTAGGT-1,4200,5866,28.477164507999998
GACTCACCCACGTGAG-1,6026,2718,28.477164507999998
GACTCGCGGGAATGAC-1,5383,1588,28.477164507999998
GACTGCAAATCGAGCT-1,4009,5077,28.477164507999998
GACTGCACCAGCCCAG-1,4338,3613,28.477164507999998
GAGACTGATGGGTAGA-1,2792,1578,28.477164507999998
GAGACTTCGCGACCGA-1,2845,4396,28.477164507999998
GAGAGGGCGCGAGGTT-1,1751,2701,28.477164507999998
GAGAGGTGCATTCTGG-1,971,3374,28.477164507999998
GAGATCTGCTTGGCAT-1,2012,2251,28.477164507999998
GAGATCTGTCACTCCG-1,3957,1808,28.477164507999998
GAGATCTTCCATGACA-1,4144,3499,28.477164507999998
GAGATGGGAGTCGACA-1,3817,4287,28.477164507999998
GAGCACCTGTGTCCAG-1,4333,4965,28.477164507999998
GAGCCAGCTACCTGTG-1,4918,4404,28.477164507999998
GAGCTAAGGGCATATC-1,4540,1697,28.477164507999998
GAGGAATGGAGAGGTT-1,1173,1459,28.477164507999998
GAGGCTATCAAAGTCG-1,910,2359,28.477164507999998
GAGGGCGCAGCTCTGC-1,4930,1473,28.477164507999998
GAGTAGATACTAGTTG-1,3295,5412,28.477164507999998
GAGTATGCCCGCCTTG-1,1940,3941,28.477164507999998
GAGTATGCGCGTGCAT-1,3748,5526,28.477164507999998
GAGTCAGACCAGAATC-1,2261,4731,28.477164507999998
GAGTCCGCTTACCGGA-1,2913,3607,28.477164507999998
GAGTGTCAACCAGAAA-1,4525,5529,28.477164507999998
GAGTGTGCGGTACCCA-1,4857,3389,28.477164507999998
GATAACTCGCACTGTG-1,4924,2826,28.477164507999998
GATACGATGGGAGTCA-1,2072,3491,28.477164507999998
GATAGGTAACGTTGAC-1,3042,3833,28.477164507999998
GATATGAGACACTAAC-1,4406,2824,28.477164507999998
GATATGCGGTAGCCAA-1,5063,572,28.477164507999998
GATATTGAGATTGGCG-1,5639,2265,28.477164507999998
GATCATTCCAAACATT-1,2791,1803,28.477164507999998
GATCCCTTTATACTGC-1,3051,1579,28.477164507999998
GATCCGGGAATTAACA-1,3888,2822,28.477164507999998
GATCCTAAATCGGGAC-1,5318,1475,28.477164507999998
GATCCTCGACACTGGC-1,1227,4051,28.477164507999998
GATCGACACTATCTGA-1,2209,1463,28.477164507999998
GATCGCGGGCTCTCCA-1,2529,2478,28.477164507999998
GATCGGTGGCCATAAC-1,3569,1581,28.477164507999998
GATCGTGACTGATATC-1,3824,2709,28.477164507999998
GATCTTGGAGGGCATA-1,3691,3385,28.477164507999998
GATCTTTGCAGGGTAT-1,1622,2475,28.477164507999998
GATGCGTCCTGCATTC-1,2853,2592,28.477164507999998
GATGCTACAAGCGCCT-1,2473,337,28.477164507999998
GATGCTGTATTTCATC-1,4016,3273,28.477164507999998
GATGTTCAATCCACGA-1,1944,3040,28.477164507999998
GATTAACCGAAAGCCC-1,5176,4630,28.477164507999998
GATTACTGAATTTGGG-1,1685,3039,28.477164507999998
GATTCCCTTGTCGCAG-1,3506,1242,28.477164507999998
GATTCGACGGTTCACG-1,3758,3047,28.477164507999998
GCAAACCCTACATTAT-1,4467,3839,28.477164507999998
GCAAACCTTGGCCATA-1,3491,4849,28.477164507999998
GCAACCACGGCCGCGT-1,1036,3261,28.477164507999998
GCAAGTGCACAGAGAA-1,1887,1123,28.477164507999998
GCAATTAGTCGCACCG-1,7130,1933,28.477164507999998
GCACACACTGGTAGCC-1,5241,4743,28.477164507999998
GCAGATCCATAAGACT-1,4660,4177,28.477164507999998
GCAGATTAGGGATATC-1,3112,2593,28.477164507999998
GCAGCACACAGCCCAG-1,1880,2701,28.477164507999998
GCAGGACTATAGAATA-1,1558,2362,28.477164507999998
GCAGGTAGAGTATGGT-1,5258,460,28.477164507999998
GCAGTGTGGCTATAGG-1,4527,5079,28.477164507999998
GCATAGAGCACTCAGG-1,2982,2593,28.477164507999998
GCATCGGCCGTGTAGG-1,5827,3957,28.477164507999998
GCATGAGGGACGCGGC-1,4993,1812,28.477164507999998
GCCACAATTTAAGGAC-1,1683,3489,28.477164507999998
GCCATCGAGCTGCGTG-1,2198,4393,28.477164507999998
GCCCAGTTGGTATGCC-1,1629,897,28.477164507999998
GCCCGATCTGTGGTCG-1,3234,4397,28.477164507999998
GCCCGCGCGTAAACGG-1,1811,3941,28.477164507999998
GCCCGCGCGTTTGACA-1,1759,672,28.477164507999998
GCCCGTAATACCTTCT-1,4282,1471,28.477164507999998
GCCGAAATTCCTACGT-1,2076,2364,28.477164507999998
GCCGATTGGCCAAGCT-1,3110,3044,28.477164507999998
GCCGCATTAGTCCGGC-1,262,2357,28.477164507999998
GCCGCTTGTGAGAAAC-1,1752,2475,28.477164507999998
GCCGGGTTAGGGTCGC-1,2980,3044,28.477164507999998
GCCTAGCGATCTGACC-1,1889,672,28.477164507999998
GCCTATAGTGTCAGGG-1,5058,1699,28.477164507999998
GCCTATTCCGATATAG-1,1109,1120,28.477164507999998
GCCTCATCTGGAAATA-1,5312,3053,28.477164507999998
GCCTCTATACATAGCA-1,4010,4626,28.477164507999998
GCGAAACGATCGGGAG-1,5630,4519,28.477164507999998
GCGAAACTTAACTGGA-1,4469,3388,28.477164507999998
GCGAAGCCATACCCGT-1,3114,1917,28.477164507999998
GCGACATGTAAACATC-1,6091,2605,28.477164507999998
GCGACGATAGTTGTAC-1,2653,3831,28.477164507999998
GCGAGCGCATGCTCCC-1,6221,2606,28.477164507999998
GCGAGGCCCGAGCAGA-1,2205,2590,28.477164507999998
GCGAGTTCTGCAAAGA-1,3242,2368,28.477164507999998
GCGATTGTTAACGTTA-1,4148,2597,28.477164507999998
GCGCATCCAGTCAGCA-1,5318,1700,28.477164507999998
GCGCCGTTCCACGATA-1,3369,3045,28.477164507999998
GCGCGTCATTGGTACA-1,4528,4853,28.477164507999998
GCGCTAATTGAATAGA-1,3696,2258,28.477164507999998
GCGCTATGCCGAGGCA-1,2202,3266,28.477164507999998
GCGCTGCTTTGCATTT-1,5253,1587,28.477164507999998
GCGCTTAAATAATTGG-1,4916,4855,28.477164507999998
GCGGACCGCGTTGTGG-1,1939,4167,28.477164507999998
GCGGAGAGGGAGAACG-1,4209,3612,28.477164507999998
GCGGCTCTGACGTACC-1,1621,2700,28.477164507999998
GCGGGAACCAGGCCCT-1,2278,449,28.477164507999998
GCGGGCATTACGATGC-1,6871,1932,28.477164507999998
GCGGGCGAGCCTTACC-1,2456,4620,28.477164507999998
GCGGTTCCCTATCATG-1,2330,3717,28.477164507999998
GCGTAAATGGCCATAA-1,5769,2266,28.477164507999998
GCGTCGCCAGGGTGAT-1,3169,4510,28.477164507999998
GCGTCTCTGCATTGGG-1,1815,2814,28.477164507999998
GCGTGGTACTGGGTTA-1,5315,2377,28.477164507999998
GCGTTCGGAGACCGGG-1,5840,575,28.477164507999998
GCTAACTGAAGTCTGA-1,4851,4967,28.477164507999998
GCTAAGTAGTTTCTCT-1,4344,2260,28.477164507999998
GCTAATACCGAATGCC-1,2212,786,28.477164507999998
GCTACGACTTATTGGG-1,3627,3272,28.477164507999998
GCTAGACCGTCTACTG-1,5895,3168,28.477164507999998
GCTAGAGTAGAGATGT-1,5370,4744,28.477164507999998
GCTAGCTTGAATAGCT-1,2004,4280,28.477164507999998
GCTAGGCACCACGGAG-1,4594,4515,28.477164507999998
GCTAGTAGAGCTTGTA-1,3370,2820,28.477164507999998
GCTATACGTCTCGGAC-1,4854,4291,28.477164507999998
GCTATCATACTCATGG-1,4205,4514,28.477164507999998
GCTCAATCCGTTTATT-1,1420,4390,28.477164507999998
GCTCAATGTAATACCG-1,2906,5410,28.477164507999998
GCTCTAAACCCTGACG-1,2923,1127,28.477164507999998
GCTCTATGTTACGTGC-1,1756,1348,28.477164507999998
GCTCTCGGGTACCGAA-1,2922,1353,28.477164507999998
GCTGAGGCGTGAGTAT-1,3305,2932,28.477164507999998
GCTGCACGGTTTCTTA-1,3887,3047,28.477164507999998
GCTGCTAAGTAGTCGA-1,2779,4734,28.477164507999998
GCTGCTACTGCGTAGC-1,4012,4175,28.477164507999998
GCTGCTCTCCGGACAC-1,3244,1918,28.477164507999998
GCTGGCGGCGCATGCT-1,3298,4510,28.477164507999998
GCTGTATTACTGGCCC-1,1618,3602,28.477164507999998
GCTGTTGCTACCGAAC-1,5313,2828,28.477164507999998
GCTTAATGTAACTAAC-1,4599,3163,28.477164507999998
GCTTATGAAGCAGGAA-1,4926,2375,28.477164507999998
GCTTCCGTCCCTAGAC-1,4152,1696,28.477164507999998
GCTTGATGATAATCAG-1,1499,896,28.477164507999998
GCTTGGATCGATTAGG-1,5446,1926,28.477164507999998
GCTTTCAGAGGAGGTG-1,5316,2151,28.477164507999998
GGAACCGTGTAAATTG-1,2199,3942,28.477164507999998
GGAATGCGCTAGCGTG-1,4474,2035,28.477164507999998
GGACCAACAGGATAAC-1,3494,4173,28.477164507999998
GGAGAAGTCATTGGCA-1,1822,1010,28.477164507999998
GGAGACGACACCTTTG-1,3498,3271,28.477164507999998
GGAGCACCAAGAACTA-1,4477,1359,28.477164507999998
GGAGGGCTTGGTTGGC-1,4215,2034,28.477164507999998
GGAGTGCCGCCCTGGA-1,2602,563,28.477164507999998
GGATCCGGAATATACT-1,4473,2261,28.477164507999998
GGATGAAGATCGCTGA-1,5247,3165,28.477164507999998
GGATGACGCGAGTTTA-1,2075,2589,28.477164507999998
GGATGCTGGCGTTCCT-1,390,2808,28.477164507999998
GGATGTCCTTACCGCA-1,5056,2376,28.477164507999998
GGATTGCTGTGACTCC-1,4591,5192,28.477164507999998
GGATTTCACTTCTATA-1,4539,1923,28.477164507999998
GGCAAATTACTTTACT-1,2592,3042,28.477164507999998
GGCAAGGCGAAATAGC-1,3626,3497,28.477164507999998
GGCAATAGTCAATGAG-1,3698,1807,28.477164507999998
GGCACTCCACTGGGCA-1,2141,2251,28.477164507999998
GGCAGCAAACCTATGC-1,5826,4182,28.477164507999998
GGCATACAGGTAGCGG-1,1235,2248,28.477164507999998
GGCCCTCACCCACTTA-1,650,2584,28.477164507999998
GGCCGGCGTCTGCTAT-1,4265,5754,28.477164507999998
GGCGAAATCTAACTTG-1,4793,3276,28.477164507999998
GGCGCAGGACATCTTC-1,909,2585,28.477164507999998
GGCGCATGAATTGATG-1,2656,3155,28.477164507999998
GGCGCGGAGATCTTTC-1,4722,4967,28.477164507999998
GGCGCGTTCGAGTTTA-1,2978,3720,28.477164507999998
GGCGGAGTAATATTAG-1,2142,2026,28.477164507999998
GGCGGTAGGATCATTG-1,3633,1919,28.477164507999998
GGCGTAGGGAAAGCTG-1,4460,5642,28.477164507999998
GGCTAAAGGGCGGGTC-1,5581,574,28.477164507999998
GGCTATTAAGTTGTAT-1,1818,2137,28.477164507999998
GGCTCGCGTTGAGGTA-1,5187,1925,28.477164507999998
GGCTCGTGCCACCAGC-1,1629,671,28.477164507999998
GGCTCTGCTCCAACGC-1,3829,1356,28.477164507999998
GGCTGAAATAGCAAAG-1,4272,3951,28.477164507999998
GGGAACGGGAGGTTAG-1,1556,2813,28.477164507999998
GGGACCCGTATATCTT-1,2584,4845,28.477164507999998
GGGACTGCATAGATAG-1,3049,2030,28.477164507999998
GGGAGAACTCACAGTA-1,3308,2031,28.477164507999998
GGGAGGATGCCCGAAA-1,2464,2591,28.477164507999998
GGGAGTTAATGAGGCG-1,4020,2146,28.477164507999998
GGGATGGTCGTAACCG-1,1941,3716,28.477164507999998
GGGATTTACCGCACCT-1,4988,3164,28.477164507999998
GGGCAGAGCAATCGTT-1,3037,4960,28.477164507999998
GGGCCCGTCTTAAACA-1,2526,3155,28.477164507999998
GGGCCCTACGAAAGGG-1,196,2695,28.477164507999998
GGGCCGGCCGAAGTAC-1,4602,2487,28.477164507999998
GGGCGATATGTGTGAA-1,2921,1578,28.477164507999998
GGGCGGCAAATGAATT-1,2070,3942,28.477164507999998
GGGCGGGTTCCCTACG-1,1554,3263,28.477164507999998
GGGCGTACATTTATAT-1,2664,1126,28.477164507999998
GGGCGTCACCACGTAA-1,2394,3830,28.477164507999998
GGGCGTGGTTTCCCAG-1,4396,5304,28.477164507999998
GGGCTATGATCGATGG-1,2455,4845,28.477164507999998
GGGCTCATCGAACCCA-1,4931,1248,28.477164507999998
GGGCTGCCTAGGGCGA-1,3632,2145,28.477164507999998
GGGCTGGTTAGTCGCG-1,2467,1915,28.477164507999998
GGGTACTTCATGAACT-1,1687,2588,28.477164507999998
GGGTATGTATGCACTT-1,978,1571,28.477164507999998
GGGTCACCGTGACGGT-1,2206,2364,28.477164507999998
GGGTGACACCTTAACT-1,2784,3606,28.477164507999998
GGGTGTTTCAGCTATG-1,3574,228,28.477164507999998
GGGTTAACATTTGAGT-1,2392,4507,28.477164507999998
GGTACAAACATGCTAT-1,2657,2930,28.477164507999998
GGTACATCTGGGACGA-1,326,2695,28.477164507999998
GGTACCATTAAGACGG-1,5965,1703,28.477164507999998
GGTAGAAGACCGCCTG-1,3752,4399,28.477164507999998
GGTAGACCGTTGGGCG-1,2586,4395,28.477164507999998
GGTAGTGCTCGCACCA-1,3826,2258,28.477164507999998
GGTATTGCCGAGTTTA-1,2595,2140,28.477164507999998
GGTCAGTGGGTCCCAC-1,3171,3833,28.477164507999998
GGTCGGCCAGGAGCTT-1,4604,2036,28.477164507999998
GGTCGGTCGTCCACAG-1,2520,4733,28.477164507999998
GGTCTGAGAATCTGGA-1,4346,1809,28.477164507999998
GGTGAAGTACAGGGAT-1,1553,3714,28.477164507999998
GGTGATAAGGAGCAGT-1,4278,2598,28.477164507999998
GGTGCTGGTACACATT-1,2138,3153,28.477164507999998
GGTGGACTGCTCTGGC-1,4658,4628,28.477164507999998
GGTTACCCGACACTTT-1,7129,2158,28.477164507999998
GGTTAGCTATATGTCT-1,4791,3727,28.477164507999998
GGTTCTACTCGTCTGA-1,5961,2830,28.477164507999998
GGTTTAGCCTTTCTTG-1,5763,3618,28.477164507999998
GTAAGCGGGCAGTCAG-1,3247,1016,28.477164507999998
GTAAGTAACAGTCTGG-1,4471,2937,28.477164507999998
GTAAGTAGGGTATACC-1,1497,1347,28.477164507999998
GTAATAAAGGGCTCCC-1,5835,1928,28.477164507999998
GTAATCTGATTCTTCG-1,2005,4054,28.477164507999998
GTACACTTACCTGAAG-1,3306,2481,28.477164507999998
GTACAGAGGCAAGGGT-1,4537,2599,28.477164507999998
GTACGAGATTGCGACA-1,2860,789,28.477164507999998
GTACGCTTCATTGCAC-1,3820,3611,28.477164507999998
GTACGTTTGCCCGTCA-1,3562,3384,28.477164507999998
GTACTAAGATTTGGAG-1,2727,1465,28.477164507999998
GTACTCCCTTATCGCT-1,975,2472,28.477164507999998
GTACTGGAGTTAGACC-1,4409,2148,28.477164507999998
GTAGACACGCCTGACT-1,3489,5525,28.477164507999998
GTAGAGGGAGACAAGT-1,1162,4164,28.477164507999998
GTAGCCAAACATGGGA-1,3689,4061,28.477164507999998
GTAGCGGCTATACACT-1,3629,2821,28.477164507999998
GTAGCTTCCTCTTGTT-1,4928,1924,28.477164507999998
GTAGGTGATCCGTGTA-1,4287,344,28.477164507999998
GTAGTCGCGGGAATCA-1,4402,3951,28.477164507999998
GTAGTCTACGATATTG-1,4136,5528,28.477164507999998
GTATAGGACTCAGTAG-1,2925,677,28.477164507999998
GTATCAAACGTTAGCT-1,5435,4631,28.477164507999998
GTATCTTTCATAACCA-1,3431,3609,28.477164507999998
GTATGTGGGTCTAGTT-1,5119,2714,28.477164507999998
GTATTCTGAGAAACGA-1,1617,3827,28.477164507999998
GTCAAGCGGACTCGGG-1,4147,2823,28.477164507999998
GTCACTCTCCAAATCT-1,1175,1008,28.477164507999998
GTCAGAATAGTCTATG-1,1236,1797,28.477164507999998
GTCATGCACCTCCGTT-1,3115,1692,28.477164507999998
GTCATGGACATGACTA-1,3181,1354,28.477164507999998
GTCATTAGAGCGAACG-1,3500,2595,28.477164507999998
GTCCATTACTGCTACG-1,6024,3168,28.477164507999998
GTCCCAACGTAAAGTA-1,3891,2146,28.477164507999998
GTCCCGCGACGTTATG-1,4463,4966,28.477164507999998
GTCCGGACCTGAAATT-1,4853,4516,28.477164507999998
GTCCGGCTGAATTGCG-1,2533,1577,28.477164507999998
GTCGCGTAACCCGTTG-1,4018,2822,28.477164507999998
GTCGGATATCTCAGAC-1,1495,2023,28.477164507999998
GTCGGGAAGCAGAAAC-1,3361,5074,28.477164507999998
GTCGTACCATCTCGGG-1,3172,3608,28.477164507999998
GTCGTGTCTGGTCATC-1,6290,1592,28.477164507999998
GTCGTTATTCGCTTAT-1,4079,3612,28.477164507999998
GTCTATCTGAGTTTCT-1,1880,2927,28.477164507999998
GTCTATTGGTTCCGGT-1,4984,4066,28.477164507999998
GTCTCAAGGCCCGGCT-1,3425,5187,28.477164507999998
GTCTGGGCGGTCGAGA-1,2006,3603,28.477164507999998
GTGAACTCCCATTCGA-1,5900,1815,28.477164507999998
GTGACCGCACACTACG-1,5054,2827,28.477164507999998
GTGACTTCAGTAGTGC-1,2395,3605,28.477164507999998
GTGAGCGTGCTGCACT-1,782,2133,28.477164507999998
GTGAGGACACTTAAGG-1,4146,3048,28.477164507999998
GTGAGTGGTACAACGC-1,2781,4283,28.477164507999998
GTGATCACTAACGCCT-1,5439,3730,28.477164507999998
GTGATCATAGATCTGC-1,2849,3494,28.477164507999998
GTGATCCTTGTCATGA-1,4590,5417,28.477164507999998
GTGATTCGCCGCTCAA-1,1746,3828,28.477164507999998
GTGCACGAAAGTGACT-1,3768,342,28.477164507999998
GTGCCATCACACGGTG-1,1360,3150,28.477164507999998
GTGCCCGTTCGGATTC-1,4665,2825,28.477164507999998
GTGCCGCTTCAAAGGT-1,2007,3378,28.477164507999998
GTGCGAAATCGAACAC-1,1942,3490,28.477164507999998
GTGCGACAGGGAGTGT-1,5638,2491,28.477164507999998
GTGCGGGTCTCCAAAT-1,2795,676,28.477164507999998
GTGCGTGTATATGAGC-1,4535,3050,28.477164507999998
GTGCTCAAGTACTGTC-1,2530,2253,28.477164507999998
GTGGACCAACCCGATT-1,1035,3487,28.477164507999998
GTGGACGCATTTGTCC-1,3297,4736,28.477164507999998
GTGGGCTTAGACACAC-1,1690,1686,28.477164507999998
GTGGTGGCCAAGTGAA-1,4274,3500,28.477164507999998
GTGGTTACTTCTTTCG-1,5964,1928,28.477164507999998
GTGGTTTCCGCCTTTC-1,1231,3149,28.477164507999998
GTGTATATCAGCGGGC-1,4074,4964,28.477164507999998
GTGTCGTATAGCGTTC-1,4076,4513,28.477164507999998
GTGTGAATAACTTAGG-1,4538,2148,28.477164507999998
GTGTTACTATGCGTCC-1,4017,3048,28.477164507999998
GTTAAAGTAGGACTGG-1,4531,3952,28.477164507999998
GTTAACATCACTTAAA-1,3881,4625,28.477164507999998
GTTAAGGGTGCGATGT-1,3749,5301,28.477164507999998
GTTACAATTGGTGACG-1,1298,2586,28.477164507999998
GTTACCTACAACTTGC-1,3496,3722,28.477164507999998
GTTACTTTGGGCCTAG-1,2461,3267,28.477164507999998
GTTATATTATCTCCCT-1,2783,3832,28.477164507999998
GTTCACAGGAGTCTAG-1,1365,2023,28.477164507999998
GTTCCAGTCTGACCAT-1,2602,337,28.477164507999998
GTTCGCCATAAGTGCC-1,2593,2591,28.477164507999998
GTTCGTCTAAAGAACT-1,4919,4178,28.477164507999998
GTTGAACCGGTTCCAT-1,1749,3152,28.477164507999998
GTTGAGTCCCGCCGGT-1,4206,4288,28.477164507999998
GTTGCACGGAGTTTCG-1,2275,1125,28.477164507999998
GTTGGATTGAGAACAC-1,4863,2037,28.477164507999998
GTTGGATTTGCGTTGG-1,2400,2478,28.477164507999998
GTTGGTCATGCTATCC-1,3233,4623,28.477164507999998
GTTTACGTTCCATCTG-1,3301,3834,28.477164507999998
GTTTCATATCGTCGCT-1,908,2810,28.477164507999998
GTTTCCTGGAGGGTGA-1,2340,1238,28.477164507999998
GTTTCTGCAGTCTCCC-1,3823,2934,28.477164507999998
GTTTGACCAAATCCTA-1,2920,1804,28.477164507999998
GTTTGGCCCAAGTTAT-1,4340,3162,28.477164507999998
GTTTGGGCTTGTGAGC-1,3364,4172,28.477164507999998
GTTTGGTAGGGTCAAC-1,2975,4396,28.477164507999998
TAAAGCGTTAGGAGAA-1,4865,1586,28.477164507999998
TAACAAAGGGAGAAGC-1,1435,783,28.477164507999998
TAACATACAATGTGGG-1,3694,2708,28.477164507999998
TAACGCTTTGAGAGCG-1,1043,1458,28.477164507999998
TAACTATCGAAGGTCC-1,1369,1121,28.477164507999998
TAACTATTACGCCAAA-1,6095,1704,28.477164507999998
TAACTCATCCGCGCGG-1,2332,3267,28.477164507999998
TAAGCAGGCGACACGC-1,392,2357,28.477164507999998
TAAGGCAACATAAGAT-1,3765,1243,28.477164507999998
TAAGGCATAACATCAA-1,2325,4844,28.477164507999998
TAAGGCCCGTCACCCT-1,3683,5413,28.477164507999998
TAAGGGCCTGTCCGAT-1,5305,4856,28.477164507999998
TAAGGGCTGGGAGAGG-1,328,2244,28.477164507999998
TAAGTAACATCTTGAC-1,1747,3602,28.477164507999998
TAATAGAACAGAGTTA-1,1616,4053,28.477164507999998
TAATAGTGACGACCAG-1,4541,1472,28.477164507999998
TAATATTGAAATTCGC-1,2214,336,28.477164507999998
TACAACGCACAACTCA-1,2333,3041,28.477164507999998
TACAAGTCTCGTGCAT-1,912,1908,28.477164507999998
TACAGAAACGGTGGGC-1,4656,5079,28.477164507999998
TACATAGGCATACACC-1,3046,2931,28.477164507999998
TACATTTCTAACGTGC-1,2722,2817,28.477164507999998
TACCAAATAGCCCAGA-1,3102,5073,28.477164507999998
TACCAGAAGTAGGTTC-1,2459,3943,28.477164507999998
TACCGCGGACTTGCAG-1,5445,2152,28.477164507999998
TACCGGCTCACTGCCC-1,3366,3721,28.477164507999998
TACCGGTCGTTTCCAT-1,1360,3375,28.477164507999998
TACCGTAGGTTAACTA-1,2843,5072,28.477164507999998
TACCGTGCCTCGGACC-1,3624,4173,28.477164507999998
TACCTACTCCCAGTAT-1,3167,4961,28.477164507999998
TACCTCACGCTTGTAC-1,2797,225,28.477164507999998
TACCTGCTGCACTGTG-1,589,1569,28.477164507999998
TACCTTAAGATTTCCC-1,1033,3938,28.477164507999998
TACGAACACGACTTCA-1,2596,1915,28.477164507999998
TACGACGCTTGCTGCG-1,2654,3606,28.477164507999998
TACGACTGCCTCTTAG-1,3432,3384,28.477164507999998
TACGATGTTGATCATC-1,1428,2361,28.477164507999998
TACGCAGTTCTTTCCT-1,2462,3042,28.477164507999998
TACGCCATATTCTAAT-1,2916,2931,28.477164507999998
TACGCCTCCATTCCGA-1,2974,4622,28.477164507999998
TACGCTATAGAAACCT-1,5898,2266,28.477164507999998
TACGTGCAAGGTTCCT-1,7323,2272,28.477164507999998
TACGTTTACCGGCAAT-1,1232,2924,28.477164507999998
TACTATGGTTCCTCAG-1,2196,4844,28.477164507999998
TACTCGGCACGCCGGG-1,197,2469,28.477164507999998
TACTGAACAGATTTAG-1,2002,4730,28.477164507999998
TACTGGACAGCTCGGC-1,781,2359,28.477164507999998
TACTTGTTAGTAGTCC-1,4796,2600,28.477164507999998
TACTTTACTGAGCCGG-1,5382,1813,28.477164507999998
TAGAAAGGTGGCGCTA-1,4410,1922,28.477164507999998
TAGACGAAACGCCAAT-1,3877,5527,28.477164507999998
TAGACTACCTAGCGTT-1,5897,2717,28.477164507999998
TAGAGATCATGCAACT-1,841,3373,28.477164507999998
TAGAGGTTCTACTTGT-1,5371,4518,28.477164507999998
TAGAGTCTAAGCGAAC-1,2727,1690,28.477164507999998
TAGATATGGACTGGAA-1,2588,3944,28.477164507999998
TAGATTCCTGGTTATT-1,458,2019,28.477164507999998
TAGCCATTTCAAAGTC-1,4923,3277,28.477164507999998
TAGCCGGCGGTCAGCG-1,4668,2149,28.477164507999998
TAGCGTCCGGTGTGGT-1,4141,4401,28.477164507999998
TAGCGTTGGGTCTTAC-1,3565,2708,28.477164507999998
TAGCTAAGTCCGGGAG-1,2856,1691,28.477164507999998
TAGCTAGAAGGCATGA-1,2458,4169,28.477164507999998
TAGCTCGCCTGATAAC-1,2912,4058,28.477164507999998
TAGGGAGCTTGGGATG-1,5379,2490,28.477164507999998
TAGGGTGTTTCAAGAG-1,2665,901,28.477164507999998
TAGGTCCAAGTAAGGA-1,654,1682,28.477164507999998
TAGGTGACGATAACCT-1,4267,5303,28.477164507999998
TAGGTGAGCCCTACTC-1,1302,1684,28.477164507999998
TAGGTGCTCGCCTAGC-1,4730,2938,28.477164507999998
TAGGTGTTCCACAGAT-1,3037,5185,28.477164507999998
TAGGTTCGAGTTCGTC-1,3501,2369,28.477164507999998
TAGTCCGCAGAGAATG-1,2593,2817,28.477164507999998
TAGTCGATCACGGGTT-1,5374,3842,28.477164507999998
TAGTCTAACAACGAGA-1,1361,2925,28.477164507999998
TAGTGCCCTCCAGAGT-1,2531,2028,28.477164507999998
TATAAATCCACAAGCT-1,2018,673,28.477164507999998
TATAAGTGAGGATAGC-1,1694,784,28.477164507999998
TATACACAGACGCCTT-1,3041,4058,28.477164507999998
TATACGCGTCATCACT-1,3555,5187,28.477164507999998
TATAGGGTACTCATGA-1,456,2470,28.477164507999998
TATATCCCTGGGAGGA-1,5509,2490,28.477164507999998
TATCCATATCATGCGA-1,2537,450,28.477164507999998
TATCCGCACCGTCGGG-1,2584,5071,28.477164507999998
TATCGATGATTAAACG-1,2341,1012,28.477164507999998
TATCTACAGAGGTAAT-1,718,1795,28.477164507999998
TATCTACCACAGCGGG-1,3045,3157,28.477164507999998
TATGAAGACAGGTGCG-1,524,1681,28.477164507999998
TATGATCTTCTCTTTA-1,4981,4968,28.477164507999998
TATGCTCCCTACTTAC-1,3117,1241,28.477164507999998
TATGGATGTGCTACGC-1,2663,1352,28.477164507999998
TATGGCCCGGCCTCGC-1,1107,1796,28.477164507999998
TATGGGACCGAGCAGG-1,2788,2479,28.477164507999998
TATGGGTACGTATCGT-1,2920,2029,28.477164507999998
TATGGTCTGAGTAACA-1,2918,2480,28.477164507999998
TATGGTTAGTGGGAGA-1,5960,3056,28.477164507999998
TATGTCTCATTGTGCC-1,4475,1810,28.477164507999998
TATTACCATCCTGCTT-1,5378,2715,28.477164507999998
TATTCAATTCTAATCC-1,3955,2259,28.477164507999998
TATTCCACTCAGCTCG-1,2847,3945,28.477164507999998
TATTCCGAGCTGTTAT-1,4723,4516,28.477164507999998
TATTCCTCCGCCCACT-1,1228,3826,28.477164507999998
TATTCGTGCCAGAATA-1,3307,2256,28.477164507999998
TATTTAGTCTAGATCG-1,2926,451,28.477164507999998
TATTTATACCGAGTAG-1,4222,231,28.477164507999998
TATTTGTTACCCTTTA-1,2146,1124,28.477164507999998
TCAAACAACCGCGTCG-1,3053,1128,28.477164507999998
TCAAACTTAGATTGTT-1,3373,1918,28.477164507999998
TCAAATTTGAGACTCA-1,3684,5188,28.477164507999998
TCAACCATGTTCGGGC-1,2469,1238,28.477164507999998
TCAACGAGGAGACAAA-1,2786,3156,28.477164507999998
TCAACGCAGGAAATAA-1,1163,3938,28.477164507999998
TCAACTAACGTATAAC-1,394,1906,28.477164507999998
TCAAGGTTACTACACC-1,5828,3731,28.477164507999998
TCAATACGCCGTCATG-1,3100,5524,28.477164507999998
TCACAGCAAACTCGAA-1,2328,4168,28.477164507999998
TCACAGGAGAATAAGA-1,2326,4619,28.477164507999998
TCACAGGGAATCGCAA-1,4273,3725,28.477164507999998
TCACAGGTTATTGGGC-1,2272,2026,28.477164507999998
TCACCCTCTTAAGATT-1,2979,3495,28.477164507999998
TCACCGCTCGGCACTC-1,5123,1812,28.477164507999998
TCACGCATTGTAGATC-1,2336,2139,28.477164507999998
TCACGGTCATCGCACA-1,2082,1011,28.477164507999998
TCACGTGCCCGATTCA-1,3176,2706,28.477164507999998
TCAGAACCTCCACAGG-1,6030,1816,28.477164507999998
TCAGACGCTATAGAAG-1,3819,3836,28.477164507999998
TCAGCAAATGCATCTC-1,3892,1920,28.477164507999998
TCAGGGTGTAACGTAA-1,3828,1582,28.477164507999998
TCAGGTTCTTTGAGAA-1,1884,1800,28.477164507999998
TCAGTACTGACCCGCG-1,1368,1347,28.477164507999998
TCAGTAGGGACTATAA-1,2266,3604,28.477164507999998
TCATTTAAGTCTCCGA-1,5574,2378,28.477164507999998
TCCAACTTTAAATTCT-1,1750,2926,28.477164507999998
TCCACTTTATCTAGGT-1,4280,1922,28.477164507999998
TCCAGAGCACCGGTTC-1,3693,2934,28.477164507999998
TCCAGGCGAGTACGGT-1,2855,1916,28.477164507999998
TCCAGGGTATATACGA-1,3230,5299,28.477164507999998
TCCCAAAGACGAAGGA-1,3052,1353,28.477164507999998
TCCCACTCTCTTCCGG-1,6094,1929,28.477164507999998
TCCCAGCTTTAGTCTG-1,2789,2254,28.477164507999998
TCCCGCGTACTCCTGG-1,3634,1468,28.477164507999998
TCCCGGGTGTGCTGCT-1,1364,2248,28.477164507999998
TCCCGTGTGCAATTTG-1,4339,3387,28.477164507999998
TCCCTGGCTCGCTGGA-1,911,2134,28.477164507999998
TCCCTTAGATTACTCG-1,4740,458,28.477164507999998
TCCGAACTTGGCTTAC-1,393,2132,28.477164507999998
TCCGATGGTGCGACAT-1,2599,1239,28.477164507999998
TCCGCCTGTCTACAAG-1,3945,4738,28.477164507999998
TCCGCGGCAGCATCTG-1,4603,2261,28.477164507999998
TCCGCGGCCCAATGAA-1,5566,4406,28.477164507999998
TCCGCTGTCATCCCGG-1,4403,3726,28.477164507999998
TCCGCTTATCCCATTA-1,3300,4059,28.477164507999998
TCCGGCCTAGCGTACA-1,5512,1589,28.477164507999998
TCCGGTTCGTCCGGTC-1,2587,4169,28.477164507999998
TCCGTTAAGCTAATAT-1,5631,4294,28.477164507999998
TCCGTTTAGCCTTGAA-1,4929,1699,28.477164507999998
TCCTAAATTGGGAAGC-1,3686,4737,28.477164507999998
TCCTACATCCACGGCC-1,4597,3614,28.477164507999998
TCCTAGCAAAGAAGCT-1,1814,3039,28.477164507999998
TCCTCGGGCTGGGCTT-1,4082,2935,28.477164507999998
TCCTCTACGAGATGGC-1,1238,1346,28.477164507999998
TCCTCTCCAGTTGTCC-1,459,1794,28.477164507999998
TCCTGCGTTGATACTC-1,1103,2698,28.477164507999998
TCCTTCAGTGGTCGAA-1,3640,116,28.477164507999998
TCCTTTAAATCCGCTT-1,5111,4743,28.477164507999998
TCCTTTCTTACGCTTA-1,3180,1805,28.477164507999998
TCGAAATTTAGGACCA-1,2079,1688,28.477164507999998
TCGAGACCAACACCGT-1,2723,2592,28.477164507999998
TCGCAAAGATGCATTT-1,4014,3724,28.477164507999998
TCGCACCAGGAGGCAG-1,4337,4063,28.477164507999998
TCGCCGAAGTTGCGTC-1,1553,3489,28.477164507999998
TCGCCGGTCGATCCGT-1,3120,565,28.477164507999998
TCGCTCGATATATTCC-1,3245,1692,28.477164507999998
TCGCTGGGCGGATTGT-1,3958,1582,28.477164507999998
TCGCTTTAAACGTTTG-1,4801,1248,28.477164507999998
TCGGAATGCGCTCTGA-1,977,1796,28.477164507999998
TCGGACGCCCAGCCCA-1,4279,2147,28.477164507999998
TCGGAGAGTATCGGGA-1,647,3485,28.477164507999998
TCGGAGTACATGAGTA-1,3956,2033,28.477164507999998
TCGGCGAACCCAAACC-1,5956,3957,28.477164507999998
TCGGGAGACAGCGTAC-1,3750,5076,28.477164507999998
TCGGGATTCAAACATA-1,131,2807,28.477164507999998
TCGGGCCGTCGTGGTA-1,4859,2938,28.477164507999998
TCGTAAGACGACATTG-1,4153,1470,28.477164507999998
TCGTATTACCCATTGC-1,780,2584,28.477164507999998
TCGTCCGCTGGCGTCT-1,1758,897,28.477164507999998
TCGTCTTAGGCGTTAA-1,4530,4402,28.477164507999998
TCGTGTCACGCTGACA-1,648,3260,28.477164507999998
TCGTTAGGAGTCCCTA-1,2652,4282,28.477164507999998
TCGTTGCTATCCGGTC-1,2132,4506,28.477164507999998
TCTACCGTCCACAAGC-1,3505,1468,28.477164507999998
TCTAGCAATCTCCGCC-1,1100,3600,28.477164507999998
TCTAGCATCTTCGATG-1,1952,1011,28.477164507999998
TCTAGCATGCCCAGAA-1,3431,3834,28.477164507999998
TCTAGGTGGCGACGCT-1,5577,1701,28.477164507999998
TCTAGTGATATCGTGG-1,5505,3392,28.477164507999998
TCTAGTTATCAGAAGA-1,2660,2253,28.477164507999998
TCTATCGGTCGCAACA-1,3313,904,28.477164507999998
TCTATTACTAGAGGAT-1,130,3032,28.477164507999998
TCTCATGAGATAGGGT-1,4790,3953,28.477164507999998
TCTCTAATAGCTGGTA-1,2536,675,28.477164507999998
TCTGAACCGGTCGGCT-1,1564,784,28.477164507999998
TCTGAACTCGTACCCG-1,5310,3729,28.477164507999998
TCTGAAGCACGTGGTC-1,4593,4741,28.477164507999998
TCTGAATTCCGTACAA-1,5251,2264,28.477164507999998
TCTGACGGGCTAACCC-1,6937,1594,28.477164507999998
TCTGATGTATTCTGTC-1,4530,4177,28.477164507999998
TCTGCCAGAAACTGCA-1,4276,3049,28.477164507999998
TCTGGGAACCTTTGAA-1,5507,2941,28.477164507999998
TCTGGGTAGCGCTCAT-1,1491,2925,28.477164507999998
TCTGTGCCATCATAGT-1,4345,2035,28.477164507999998
TCTGTTACCCAGCATA-1,1421,4165,28.477164507999998
TCTTACGGCATCCGAC-1,1044,1233,28.477164507999998
TCTTACTTATGCCTCT-1,5181,3503,28.477164507999998
TCTTAGAGCTCCAATT-1,6155,2944,28.477164507999998
TCTTCCCATGGGCACA-1,5381,2039,28.477164507999998
TCTTCGAATAGACGTT-1,3759,2821,28.477164507999998
TCTTCGATACCAATAA-1,3438,2031,28.477164507999998
TCTTGATGCGTAGCGA-1,3567,2032,28.477164507999998
TCTTGCTCCCGATACT-1,3488,5751,28.477164507999998
TGAAAGGACCTGACTC-1,4538,2374,28.477164507999998
TGACATCGAGCGGACC-1,5704,2378,28.477164507999998
TGACCCACGTTAGACA-1,2207,2139,28.477164507999998
TGACGAATATTTCCCT-1,582,3372,28.477164507999998
TGACGATGCACTAGAA-1,5314,2602,28.477164507999998
TGACTATAATCCTTTC-1,3561,3610,28.477164507999998
TGAGAATGCTTTACCG-1,2667,450,28.477164507999998
TGAGAGATTTACCACG-1,5053,3052,28.477164507999998
TGAGCCATACAGTCTC-1,1620,3151,28.477164507999998
TGAGCGGAAAGTGTTC-1,3363,4623,28.477164507999998
TGAGGAGTGCCAGCTT-1,2908,4959,28.477164507999998
TGAGTAAATTAGCGTA-1,2848,3719,28.477164507999998
TGAGTGCCTCTTAAAT-1,1813,3490,28.477164507999998
TGAGTGGTCCGTGACG-1,4605,1810,28.477164507999998
TGATACATTTAGCCGT-1,1938,4617,28.477164507999998
TGATCAGGGAACTGCT-1,713,3147,28.477164507999998
TGATCGGTTTGACCCT-1,2662,1577,28.477164507999998
TGATCTCCGGCGCCAG-1,2403,1576,28.477164507999998
TGATTCGTCTATCACT-1,1819,1912,28.477164507999998
TGATTCTGTCGCCGGT-1,2006,3829,28.477164507999998
TGATTTATTAGCTGTG-1,1362,2699,28.477164507999998
TGCAAGAATGACGTAA-1,3050,1804,28.477164507999998
TGCAGAACTATATCGT-1,583,3147,28.477164507999998
TGCAGAGTACCGAGCA-1,2140,2702,28.477164507999998
TGCAGCTACGTACTTC-1,195,3145,28.477164507999998
TGCAGTTTCCTCCCAT-1,4989,2939,28.477164507999998
TGCATATGTCTGTCAC-1,4667,2374,28.477164507999998
TGCATGTGGTAATCTA-1,4411,1697,28.477164507999998
TGCCAATGGGTACTCT-1,2521,4507,28.477164507999998
TGCCAGTACGTGGAGA-1,3753,4174,28.477164507999998
TGCCCGTACCGTTAAA-1,4015,3499,28.477164507999998
TGCCGTGGATCGTCCT-1,3232,4848,28.477164507999998
TGCCTGATCAAACGAT-1,3702,680,28.477164507999998
TGCCTTGGCCAGGCAA-1,4465,4289,28.477164507999998
TGCGACACCCTAGTGC-1,2136,3604,28.477164507999998
TGCGAGAATATTACCC-1,1746,4053,28.477164507999998
TGCGCAAAGCATTTGG-1,3503,1919,28.477164507999998
TGCGCGATTAACGGAG-1,1821,1461,28.477164507999998
TGCGTAAGAACCTGAT-1,1943,3265,28.477164507999998
TGCGTTTGTTGACACT-1,4081,3161,28.477164507999998
TGCTAAGTGTCTATTT-1,4983,4291,28.477164507999998
TGCTCGGCGAAACCCA-1,3103,4848,28.477164507999998
TGCTCTTGAGAGTTTG-1,3683,5639,28.477164507999998
TGCTGGTTGGACAATT-1,1823,785,28.477164507999998
TGCTGTTGAAGAACTC-1,3435,2707,28.477164507999998
TGCTTCCCAAGCAGTA-1,3424,5412,28.477164507999998
TGGAAGAAGGGAACGT-1,1427,2812,28.477164507999998
TGGACCAATCTAAGAT-1,4331,5416,28.477164507999998
TGGACTGTTCGCTCAA-1,3889,2596,28.477164507999998
TGGAGTGATGCGATGA-1,1820,1687,28.477164507999998
TGGCAAACTAAATTAC-1,4207,4063,28.477164507999998
TGGCAGATTACGATCA-1,2914,3382,28.477164507999998
TGGCAGCAGTAATAGT-1,3111,2819,28.477164507999998
TGGCCAAACTGAAGTA-1,4087,1583,28.477164507999998
TGGCCGTATATTGACC-1,1627,1348,28.477164507999998
TGGCGACTGCTCCAAA-1,2197,4619,28.477164507999998
TGGCGATCAAGTTATG-1,2717,4170,28.477164507999998
TGGCTATGTGACATAC-1,4462,5191,28.477164507999998
TGGCTTTGGGTAGACA-1,2472,562,28.477164507999998
TGGGCACGTTCTATGG-1,3899,117,28.477164507999998
TGGGCCCATACTAATT-1,4921,3728,28.477164507999998
TGGTAGAATATATGGG-1,5633,3843,28.477164507999998
TGGTCCCACGCTACGG-1,3947,4287,28.477164507999998
TGGTCTGTTGGGCGTA-1,1039,2585,28.477164507999998
TGGTTCAACGGGTAAT-1,3948,4062,28.477164507999998
TGGTTCGTAGCAAAGG-1,2729,1014,28.477164507999998
TGGTTTAAACGTGGGT-1,6421,1141,28.477164507999998
TGTACGAACAAATCCG-1,2917,2705,28.477164507999998
TGTAGGAGAAATTTCC-1,4732,2262,28.477164507999998
TGTAGTGATCTATAAT-1,1299,2361,28.477164507999998
TGTATAACAGATCCTG-1,4281,1696,28.477164507999998
TGTATGGCGCAGACAG-1,5182,3278,28.477164507999998
TGTCCTAAGTCACCGC-1,1105,2247,28.477164507999998
TGTGAGACTAGCCCAA-1,3231,5073,28.477164507999998
TGTGCCGGTGCCGGAA-1,5436,4406,28.477164507999998
TGTGCTTTACGTAAGA-1,327,2470,28.477164507999998
TGTGGCAAAGCGTATG-1,4799,1698,28.477164507999998
TGTGTCGCGAGTTGCA-1,1498,1122,28.477164507999998
TGTGTTCGTATCCAAG-1,523,1907,28.477164507999998
TGTTATTGTATGTGGC-1,4728,3389,28.477164507999998
TGTTCCGCTTCCATGA-1,2011,2476,28.477164507999998
TGTTCGTATTGCGGTG-1,3106,3946,28.477164507999998
TGTTCTTCCATTGACT-1,1947,2138,28.477164507999998
TGTTTCGGTACTTCTC-1,2796,451,28.477164507999998
TTAAACTCGAATTCAT-1,5317,1926,28.477164507999998
TTAACCAACCCTCCCT-1,2731,563,28.477164507999998
TTAACTTCAGGTAGGA-1,840,3599,28.477164507999998
TTAATGTAGACCAGGT-1,3568,1806,28.477164507999998
TTAATTGCTTTGGGTG-1,4072,5415,28.477164507999998
TTAATTTCAGACGCGG-1,3639,341,28.477164507999998
TTACAACTACGCATCC-1,2534,1126,28.477164507999998
TTACATCGTGGCCTGG-1,1500,671,28.477164507999998
TTACATGCCACAACTA-1,5830,3055,28.477164507999998
TTACCATTGATTACCC-1,975,2247,28.477164507999998
TTACCCTAGGGATTGG-1,2907,5185,28.477164507999998
TTACTAAAGGACTTTA-1,4208,3838,28.477164507999998
TTACTCCGGCCGGGAA-1,4214,2260,28.477164507999998
TTACTCTGGTACGTAC-1,1166,3262,28.477164507999998
TTACTGGGATATTTCA-1,2655,3381,28.477164507999998
TTAGAAGAACATGACT-1,3299,4285,28.477164507999998
TTAGACGAGTCACCTC-1,4337,3838,28.477164507999998
TTAGAGTTTAGAAGGA-1,4727,3614,28.477164507999998
TTAGCTGATTTGCCGT-1,5249,2715,28.477164507999998
TTAGTAGGGCGGCGGG-1,846,2246,28.477164507999998
TTAGTTATTCGTGGCA-1,5050,3728,28.477164507999998
TTATAGGTAATTGTCT-1,3878,5301,28.477164507999998
TTATATACGCTGTCAC-1,3953,2709,28.477164507999998
TTATATTTGGCAATCC-1,3311,1354,28.477164507999998
TTATCCGGGATCTATA-1,4790,4178,28.477164507999998
TTATCTGTATCATAAC-1,3054,902,28.477164507999998
TTATGAATGAAAGGGA-1,3239,3045,28.477164507999998
TTATGACAAACTGGAT-1,1432,1460,28.477164507999998
TTATGATCTTAACGAA-1,4471,2711,28.477164507999998
TTATTAGAGCGTGTTC-1,3691,3610,28.477164507999998
TTCAAAGTCTCTAGCC-1,4019,2372,28.477164507999998
TTCAACGACCCGACCG-1,2277,674,28.477164507999998
TTCAATACTCTGAATC-1,4731,2713,28.477164507999998
TTCACGAAAGGATCAC-1,2658,2704,28.477164507999998
TTCACTCGAGCACCTA-1,3622,4624,28.477164507999998
TTCAGCCCTGGTCCAC-1,4662,3727,28.477164507999998
TTCAGCTGGCGTGCCC-1,5306,4631,28.477164507999998
TTCAGGCGTCAAAGCC-1,195,2920,28.477164507999998
TTCCAATCTGGCTATC-1,2135,3829,28.477164507999998
TTCCACACAGATTTGA-1,2134,4055,28.477164507999998
TTCCGCGTGAGGCGAT-1,3302,3609,28.477164507999998
TTCCGGCCTTGAGGCT-1,2003,4505,28.477164507999998
TTCCGGTTACCCACTT-1,4792,3502,28.477164507999998
TTCCTCGAGGGTGTCT-1,2342,787,28.477164507999998
TTCCTCGGACTAACCA-1,4725,4065,28.477164507999998
TTCGACAGAGCCCGTG-1,3558,4286,28.477164507999998
TTCGACGGGAAGGGCG-1,2016,1124,28.477164507999998
TTCGCACTCGCGTGCT-1,2081,1237,28.477164507999998
TTCGCACTGTACGACA-1,2971,5298,28.477164507999998
TTCGCTATCTGACGTG-1,5645,687,28.477164507999998
TTCGGGACTAATCGCG-1,3825,2483,28.477164507999998
TTCGTACTCCAGAACG-1,1042,1683,28.477164507999998
TTCTAACCGAAGCTTA-1,4991,2263,28.477164507999998
TTCTAGGCCAATTGTG-1,2017,898,28.477164507999998
TTCTATGCCTTTCGCA-1,7002,1707,28.477164507999998
TTCTGACCGGGCTCAA-1,4595,4290,28.477164507999998
TTCTGCCGCGCCTAGA-1,3624,3948,28.477164507999998
TTCTGCGAGCGCCCTT-1,263,2131,28.477164507999998
TTCTGCGGGTTAGCGG-1,4341,2936,28.477164507999998
TTCTTATCCGCTGGGT-1,5697,3956,28.477164507999998
TTCTTGAGCCGCGCTA-1,1812,3715,28.477164507999998
TTCTTGTAACCTAATG-1,1434,1009,28.477164507999998
TTGAACGACGTGCTGA-1,4850,5193,28.477164507999998
TTGAAGAATTCCCAGG-1,2401,2027,28.477164507999998
TTGAATATGGACTTTC-1,4085,2259,28.477164507999998
TTGAATTCACGTGAGG-1,5443,2828,28.477164507999998
TTGACAGGAGCTCCCG-1,5569,3730,28.477164507999998
TTGACATGAACGTGGA-1,1230,3375,28.477164507999998
TTGACCAGGAACAACT-1,4330,5641,28.477164507999998
TTGACCGTGTTAATGA-1,1357,4052,28.477164507999998
TTGACGCTCCATGAGC-1,5701,3054,28.477164507999998
TTGACTACCATATGGT-1,1813,3264,28.477164507999998
TTGACTATTGTCCGGC-1,5893,3619,28.477164507999998
TTGAGAAGTTTAGCAT-1,4788,4629,28.477164507999998
TTGAGAGTACTGCTAA-1,1619,3376,28.477164507999998
TTGATCTAACTTTGTC-1,2208,1688,28.477164507999998
TTGATTAGCTGTTTCT-1,1358,3826,28.477164507999998
TTGATTATGCAGATGA-1,1302,1459,28.477164507999998
TTGCACAATTCAGAAA-1,2850,3269,28.477164507999998
TTGCACGGAGCAGCAC-1,2989,790,28.477164507999998
TTGCATGCTGATCACG-1,1426,3038,28.477164507999998
TTGCCCTGATCACGGG-1,1363,2474,28.477164507999998
TTGCCGCTTTCTAGTA-1,4202,5415,28.477164507999998
TTGCGGCATCAGAAAG-1,2068,4393,28.477164507999998
TTGCGTCGGCCAACCG-1,1810,4166,28.477164507999998
TTGCTGAAGGAACCAC-1,2861,564,28.477164507999998
TTGCTGATCATGTTCG-1,2854,2142,28.477164507999998
TTGGACATGTGGCTTA-1,1037,3036,28.477164507999998
TTGGACCTATAACAGT-1,4723,4741,28.477164507999998
TTGGATATCGTCTACG-1,2524,3831,28.477164507999998
TTGGATTGGGTACCAC-1,2732,338,28.477164507999998
TTGGCTCGCATGAGAC-1,1563,1009,28.477164507999998
TTGGGACACTGCCCGC-1,3699,1581,28.477164507999998
TTGGGCGGCGGTTGCC-1,4086,1808,28.477164507999998
TTGGTCACACTCGTAA-1,2265,3830,28.477164507999998
TTGTAAGGCCAGTTGG-1,4412,1471,28.477164507999998
TTGTAATCCGTACTCG-1,2724,2366,28.477164507999998
TTGTCGTTCAGTTACC-1,2924,902,28.477164507999998
TTGTGAACCTAATCCG-1,4982,4742,28.477164507999998
TTGTGAGGCATGACGC-1,0,3257,28.477164507999998
TTGTGCAGCCACGTCA-1,3943,5189,28.477164507999998
TTGTGGCCCTGACAGT-1,3055,452,28.477164507999998
TTGTGTATGCCACCAA-1,3038,4735,28.477164507999998
TTGTGTTTCCCGAAAG-1,2976,4171,28.477164507999998
TTGTTAGCAAATTCGA-1,1888,898,28.477164507999998
TTGTTCAGTGTGCTAC-1,3312,1129,28.477164507999998
TTGTTGTGTGTCAAGA-1,4151,1921,28.477164507999998
TTGTTTCCATACAACT-1,906,3486,28.477164507999998
